,0
0,장학금 퍼줌 등록금 입학할때만내봄 비리 있어도 학생한테 딱히 별.. 영향없음 원래 사학재단은 다 비리 있는 거 아닌가 근데 학교에 과하게 피해의식+투쟁심 불태우는애들 많음 이런애들 보면 학점도 처참함.. 에타끄고 사는게 마음편함 대신 여기보다 입결 낮은 협성대 강남대 순천향대 이딴애들한테 이유도없이 처맞음 본인이 수만휘나 지식인 들락날락거리는 사람이면 끊고입학하셈 부실대라 욕처먹는데 협성강남도 부실대였으며 아무리 언플해도 이게웬일.. 얘네가 수원대 입결을 이긴적이 없음ㅠ..ㅇ 협수용강이라는 자297위질 들을때마다 웃음도안나옴 경상대라 시설좋음 경상은 아웃풋도 ㄱㅊ은듯 본인하는만큼 가겠지만 전과쉽고 복전도쉬움 일단 우리과는 워낙 갠플이라 똥군기 악습 이런거없음 또 뭘 말해야되지? 학식은 코로나이후로 잠깐 사라졌는데 생겨도 안처먹을거같은사람들이 에타에서 주기적으로 열냄 대학주변에 맛집 카페 놀거리 다 많음 근데 뭔 시골에 지어졌다그러세요.. 님들 다 홍대에서 통학오심? 진짜 시골에 세워진 대학 안가본듯 역에서 가까움 버스타고 10분ㅇㅇ 판교사는데 통학 1시간내외 걍 무난한대학임 3등급대 애들 들어오는 대학이고 인가경 바로 밑임 근데 진짜 피해망상 찌든애들이 스스로 지잡대라고 멘헤라되는거 꼴보기싫음 ㅋㅋ 동기잘만나야됨 인터넷설카포 집단소 커뮤 끊어라..제발좀 수과대 통폐합 건은 아직도 질질끌고있는데 수과대는 수과대로졸업함 자꾸 수과대에서 수원대 특별편입된다고 구라핑끄는거 패고싶음 수과대는 폐교고 걍 수원대에서 수과대 캠퍼스까지먹겠다는거임 근데 수과대캠퍼스 교통도 개별로고 지금도 규모 작지않은데 입학정원 늘리는게 우리한테 별로좋은것같지않아서 나는반대 요약 : 학교는 가만히 있는데 학생들이 스스로 급을 낮춤
1,나쁜교수님은 없는데 나랑 안맞는교수님은 계심 그말곤 괜찮음 학점도 하는만큼나옴 퍼주시는건아님 학부제라 커리큘럼 시기 타학교에 비해 좀 애매한것말곤 이것저것 전공 찍먹해볼수있어서 좋음 비대면이었던 것 때문에 선후배 관계는 모르겠는데 딱히 친해질만한 그런건없긴함 일단 경상계열이라 복전생이 너무많아서 누가내동기인지 전혀모르겠음
2,이 학교 오는 친구들 중 정시로 최초합으로 합격 친구들은 아쉽게 인서울 못해서 온게 대부분일거라고 생각해...나도 그 중 하나였고... 아직도 편입이나 재수 못한걸 천추의 한이 되었단다.. 너희들은 부디 좋은 학교 가기를 바랄께
3,직업 전망도 좋고 아웃풋도 괜찮기는 해!
4,일단 학교 넓고 경상대 건물 너무너무 조아요!! 교수님들도 다들 열정적이시고 배울게 많아요
5,"학생분들 다 착하고, 경영학부라 회계, 경영, 경제, 무역 .. 다양하게 배워서 좋습니돠 :)"
6,"학교 시설은 미래혁신관이 좋고, 인문관은 오래되어 겉은 노후화된 느낌이 강합니다. 그래도 강의실 내부는 괜찮습니다. 종합강의동도 시설 괜찮습니다. 밥 먹는 곳은 개인적으로 좋은지 모르겠습니다. 학식은 안 먹어봐서 모릅니다. 저는 보통 미래 혁신관에 있는 씨유나 학교 바로 앞 커피숍에서 점심을 해결했습니다. 스벅이나 맥도날드는 학교에서 몇정거장 버스를 타고 가야해서 그게 불편해서 가서 먹지를 못합니다. 차를 가지고 다니지 않는 이상 비효율적인 움직임이라서요. 그나마 앞에 이디야가 있어서 다행이죠. 저는 개인적으로 상권이 잘 형성되어 있다고 보지 않습니다. 학교가 멉니다. 경기도에 사는데도 멀어요. 원래 있었다던 버스는 코로나로 그 노선이 사라져 버스를 두번이나 타고 가야합니다. 왕복 3-4시간이 걸립니다... 저는 이런 부분에 각종 상황에 따른 현타를 좀 많이 겪었습니다. 코로나로 인한 비대면이 아닌 완전 대면이었다면 그 현타가 더욱 컸을 것으로 여겨집니다. 캠퍼스 문화는 글쎄요. 개인적으로 대학에 대한 로망도 없었기에 별로 느낀 게 없습니다. 학교 축제가 있긴 했는데 수업 없으면 학교 가는 건 굳이 갈 이유도 없고 전체적으로 비효율적이라 느껴져서 안 갔습니다. 대면 전환이 일부 있어 학교 다니면서 느낀 건...학교가 넓게 느껴진다는 것. 아마 학부가 다 한 부지 내에 다 있으니 그런 거겠죠. 1학년이라 복전이나 교환학생 제도에 관해 잘 모릅니다. 자체적으로 나쁜 건 아닌데, 저는 좀 후회가 큽니다. 이제 와서 후회하는 것도 뭐하지만, 좀 더 수능을 잘 봐서 더 좋은 대학에 갈 걸...하는 후회가 있어요. 다니면서 아무렇지 않다가도, 가끔 콤플렉스가 있게 된 것 같습니다. 하지만 나쁘지 않아요. 그냥 그런 느낌..."
7,"1학년 1학기를 바탕으로 하는 후기입니다. 영어를 잘 하셨던 분들이라면 따라가기 어렵지 않습니다. 커리큘럼이 나쁘다고 생각하진 않습니다. 본인이 따라갈 수 있는지, 수준에 따라 다르게 느껴질 것이라고 생각합니다. 저는 학부에서 영어 전공쪽으로 들었습니다. 영어 전공을 선택해서 들으면, 영어 잘하던 사람일 경우에 수업이 잘 맞을거에요. 수능 점수 말고 기본 영어 실력(독해 듣기 말하기 쓰기) 말하는 겁니다. 저는 개인적으로 수업이 잘 맞아서 좋았습니다. 교양도 충분히 좋다고 생각합니다. 교수님들도 좋은 분들이십니다. 진로 상담은 한번 있었는데 저는 어느정도 도움이 된 것 같습니다. 학과 분위기는 글쎄요...개인이 알아서들 하는거라고 생각이 들었습니다. 인원이 많아서 서로 아는 사람끼리만 알게 되는 것 같습니다. 혼강이 많은 편이고 친구는 잘 안 사귀게 되는 것 같습니다. 누가 누구인지 몰라요. 솔직히 혼자 다니는게 편해서 그닥 분위기는 잘 모릅니다. 코로나로 인해 학교는 대면이 아닌 이상 나가지 않아서 대면 선후배 관계는 없었습니다. 누가 누군지도 모릅니다... 영어에 대해 주마다 수업을 듣고 공부해야 하기 때문에 영어 실력이 녹슬지 않는다는 점을 장점으로 꼽습니다.(영어 전공을 듣는다는 가정 하에) 나름대로 좋은 것 같습니다."
8,"오지마세요.. 진짜 갈 데 없어도, 오지 마세요. 올 수 있어도 오지 말고, 올 수 없어도 오지 마세요. 대학교 비리라면 대한민국 명문일 겁니다. 비리 명문 수원대 진짜 오지 마세요. 물론, 열심히 노력해서 오신 분들 폄하하는 말이 아닙니다. 학교 자체 비리가 너무 심해서 그런 겁니다. 전 총장이었던 이O수는 비리로 고소돼도 집행유예 받고 나왔습니다. 비리가 있는 건 알지만, 해결책이 마땅히 보이지도 않는 갑갑함은 정말 대학교의 있는 정, 없는 정을 뚝 떨어뜨립니다. 정말 열심히 공부하고, 꿈이 있는 분이라면 재수를 해서라도 다른 대학교가세요. 대학이라 해서 다 같은 대학이 아닙니다. 대학 구실도 못하는 대학에 온다면 여러분들이 학창 시절에 들인 노력이 너무 아깝습니다. 진심으로 다시 한 번 말하지만 수원대는 오지 마세요.."
9,"학과는 신설이라 괜찮습니다. 인공지능이나 빅데이터에 관심이 있다면 학과 공부는 괜찮을 겁니다. 교수님들도 열정적이시고, 애들도 그럭저럭 열심히 합니다. 다만, 1학년 때는 전공을 공부한다는 느낌이 살짝 안 들 겁니다. 왜냐하면 전공보다는 수학, 통계학, 파이썬, 글쓰기, 영어, 중국어 등을 배우기 때문입니다. 그래도 열심히 하면 충분히 커리어에 메리트가 될 수 있는 학과라 생각합니다. (하지만 오지 마세요. 학교 비리가 심각합니다..)"
10,
11,
12,문콘과는 미래혁신관이라는 가장 최근 건물을 사용합니다. 그래서 저는 건물에 대한 불만없어요. 깨끗하고 깔끔하고 최신식이고 너무 좋아요 정문에서도 그리 멀지 않고 학교 앞에 먹을 거 다 있어서 좋아요 술집도 다 있고. 다만 교통이 좋은 편은 아니라 그게 좀 아쉬워요 장학금은 무난한 거 같네요 문콘은 복전 전과가 안되서 여기에 할 말은 없고요ㅠ 캠퍼스 엄청 넓어요~
13,소수과라 두루두루 친하고 한 교수님 수업을 오래 듣는 경우가 많아요. 학점따기는 많이 빡세요. 다들 너무 잘하고 열정적이라 학점따기 진짜 힘들어요. 학년이 올라갈수록 실습 수업이 많아요. 저는 문콘 강추 최긍문콘^^^^
14,학교 진짜 넓어서 수업가면서 지침 그래서 지쿠터 많이 타는거 같았음 미대는 괜찮은데 조형관 시설 우짤교.. 엘베도 좀 있었으면 정시 국어 성적 망해서 쓴 학교라 만족은 아니지만 수원대 예체능은 괜찮다고 알고 있음 예체능 말고도 반수 생각 하는 애들 꽤 보는데 그런 생각 하면서 그냥 저냥 다니게 되는 학교 같음
15,교수님들은 좋은 교수님들 많이 계심 이번 년부터 학부제로 뽑아서 전공 하나에 애들 다 몰려있는 상황이라 본인 전공 아닌 다른 전공 수업 듣게 되는건 좀 에바라 생각 함 그래도 분위기는 좋음
16,"학교 시설은 미래혁신관이 좋고, 인문관은 오래되어 겉은 노후화된 느낌이 강합니다. 그래도 강의실 내부는 괜찮습니다. 종합강의동도 시설 괜찮습니다. 밥 먹는 곳은 개인적으로 좋은지 모르겠습니다. 학식은 안 먹어봐서 모릅니다. 저는 보통 미래 혁신관에 있는 씨유나 학교 바로 앞 커피숍에서 점심을 해결했습니다. 스벅이나 맥도날드는 학교에서 몇정거장 버스를 타고 가야해서 그게 불편해서 가서 먹지를 못합니다. 차를 가지고 다니지 않는 이상 비효율적인 움직임이라서요. 그나마 앞에 이디야가 있어서 다행이죠. 저는 개인적으로 상권이 잘 형성되어 있다고 보지 않습니다. 학교가 멉니다. 경기도에 사는데도 멀어요. 원래 있었다던 버스는 코로나로 그 노선이 사라져 버스를 두번이나 타고 가야합니다. 왕복 3-4시간이 걸립니다... 저는 이런 부분에 각종 상황에 따른 현타를 좀 많이 겪었습니다. 코로나로 인한 비대면이 아닌 완전 대면이었다면 그 현타가 더욱 컸을 것으로 여겨집니다. 캠퍼스 문화는 글쎄요. 개인적으로 대학에 대한 로망도 없었기에 별로 느낀 게 없습니다. 학교 축제가 있긴 했는데 수업 없으면 학교 가는 건 굳이 갈 이유도 없고 전체적으로 비효율적이라 느껴져서 안 갔습니다. 대면 전환이 일부 있어 학교 다니면서 느낀 건...학교가 넓게 느껴진다는 것. 아마 학부가 다 한 부지 내에 다 있으니 그런 거겠죠. 1학년이라 복전이나 교환학생 제도에 관해 잘 모릅니다. 자체적으로 나쁜 건 아닌데, 저는 좀 후회가 큽니다. 이제 와서 후회하는 것도 뭐하지만, 좀 더 수능을 잘 봐서 더 좋은 대학에 갈 걸...하는 후회가 있어요. 다니면서 아무렇지 않다가도, 가끔 콤플렉스가 있게 된 것 같습니다. 하지만 나쁘지 않아요. 그냥 그런 느낌..."
17,"1학년 1학기를 바탕으로 하는 후기입니다. 영어를 잘 하셨던 분들이라면 따라가기 어렵지 않습니다. 커리큘럼이 나쁘다고 생각하진 않습니다. 본인이 따라갈 수 있는지, 수준에 따라 다르게 느껴질 것이라고 생각합니다. 저는 학부에서 영어 전공쪽으로 들었습니다. 영어 전공을 선택해서 들으면, 영어 잘하던 사람일 경우에 수업이 잘 맞을거에요. 수능 점수 말고 기본 영어 실력(독해 듣기 말하기 쓰기) 말하는 겁니다. 저는 개인적으로 수업이 잘 맞아서 좋았습니다. 교양도 충분히 좋다고 생각합니다. 교수님들도 좋은 분들이십니다. 진로 상담은 한번 있었는데 저는 어느정도 도움이 된 것 같습니다. 학과 분위기는 글쎄요...개인이 알아서들 하는거라고 생각이 들었습니다. 인원이 많아서 서로 아는 사람끼리만 알게 되는 것 같습니다. 혼강이 많은 편이고 친구는 잘 안 사귀게 되는 것 같습니다. 누가 누구인지 몰라요. 솔직히 혼자 다니는게 편해서 그닥 분위기는 잘 모릅니다. 코로나로 인해 학교는 대면이 아닌 이상 나가지 않아서 대면 선후배 관계는 없었습니다. 누가 누군지도 모릅니다... 영어에 대해 주마다 수업을 듣고 공부해야 하기 때문에 영어 실력이 녹슬지 않는다는 점을 장점으로 꼽습니다.(영어 전공을 듣는다는 가정 하에) 나름대로 좋은 것 같습니다."
18,학교가 넓다 이거 하나가 장점인듯 시설은 미래 혁신관 빼고 다 안 좋고 특히 인문대는 거의 쓰러지기 직전임
19,분위기는 다 갠플이고 소속감 들어와서 한번도 느낀적 없음... 언어 부분은 취업도 안되고 커리큘럼도 쓸모있다고 생각드는 수업은 여태 못 찾았음.... 들어와서 전과나 복전 할거 아니면 다른데로 가...
20,"추천해요라고 썼지만 뭐.. 일단 넓고 주변에 꽤나 상권이 좋고 먹을것도 은근 많고 술집도 많고 노래방, 피시방 만화방 있을건 웬만하면 다 있다. 버스 좀 타면 수원역이라 말해뭐해임. 축제에서 딘딘하고 제시 왔고.. 깨끗한곳은 깨끗하고 낡은곳은 낡고..학교 이쁘고.. 사실 전기전자 들어가셨던 다른 선배 후기글 보고 와 저런 옛날 청춘드라마같은 로망후기가.. 이러면서 왔는데 음..그런건 모르겠고 걍 집에서 넷플 보면서 비건카페 인스타만 주구장창 보고있음. 근처에 비건카페있음..!!"
21,일주일에 한 번 학교가는데..엄.. ㅁㄹ 소속감이야 당연히 없고 이미 애들끼리 무리지어있는데다가 대면식 같은거 하긴했지만 귀찮아서 안갔더니 더 아싸플 되긴함 그리고 사람들이 너무 많아서 같은 과라도 잘 모르는데 나름 솔플 즐긴다면 이 과 추천임 커리큘럼 그런거 모르겠음 과에 ㄹㅇ 관심없어서 수업1도 안듣고 애초에 1학년인데 깊은거 배우지도 않음. C언어 기본과 수학. 학점은 망했는데 집에서 워낙 잘 놀아서 기분 좋으니까 괜찮음. 뭐 자기 하는 만큼 인간관계+성적 챙기는 과라고 생각.
22,"캠퍼스가 엄청 넓다!! 진짜 생각했던 것보다 넓어서 깜짝 놀람ㅎㅎ 정문에서 후문까지 갈려면 그 전동킥보드 꼭 타고 가야 된다...저번에 후문까지 걸어갔눈데 너무 힘들어서 지쳤음 학교 시설은 좀 낡았다 운동장도 운동장 느낌이 안 나고, 에타만 봐도 시설 진짜 싹 다 고쳐야 된다고 함 ex) 음대, 인사대 개인적으로 내 생각엔 미혁빼고 다 뜯어 고쳐야 될 듯.. 중앙도서관은 계단 좀 어떻게 해주세요 제발 학교 주변에 식당 많이 있음 7분정도 걸어가거나 아님 대학교 정문 건너편에 많이 보임 ex) 돈까스집, 덮밥집, 떡볶이집, 카페, 쥬씨, 편의점, 술집 등 그런데 놀거리는 많이 없음 피방, 노래방은 있지만 난 한번도 가본 적 없다.. 교통은 보통 나쁘지도 않고 좋지도 않고 애매하다 수원역, 오목천역으로 가는 버스 꽤 있음 7790 탈려면 개일찍 나와야ㅠ된다 (에타에서 7790 자리 있냐 없냐 계속 올라옴) ㄴ장학금은 아직 1학년이라 잘 모르겠다 복수전공은 이 학부에 들어오면 꼭 해야 될 듯 (상경계열쪽으로)"
23,"외국어학부 수업 커리큘럼은 그저 그렇다. 좋은 것도 아니고 나쁜 것도 아닌 딱 그 중간 팀플은 1학기 때 비대면으로 수업해서 그런지, 엄청 많지는 않았다. 그렇지만 선배들과의 교류가 많이 없어, 선배님들의 취업소식이나 1학년 때 외국어학부에서 어떤 걸 하면 이득이다! 이런 정보를 알 수 없어 답답하다."
24,장점:몇몇 강의빼고는 교수님들 다ㄱㅊ음 나 사람은근 가리는 스타일인데 호감인 교수님들 꽤많음 그리고 교수평도 선배들이써놔서 90퍼정도는 평가 맞음 10퍼는 좀 아닌듯 단점:공대다니는데 교실이나 실습이나 시설이 개구짐 그리고 학교 디지게큼 그리고 오르막도 디지게많음 거기다가 과제물이랑 노트북이런거 챙겨서 다니는데 완전 군장매고 행군하는거 같음 (참고로 완전 군장 40kg정도함) 파훼법:학교앞에 전동킥보드 많으니까 무조건 이거 타고다니셈 학교걸어서 다니면 살빠지고 좋다고? 연골 작살나봐야 정신차림 살찌더라도 전동 킥보드 타고다녀야함 종합:나쁘지 않음 시설이 그지 같지만 교수 몇몇은 ㄱㅊ아서 반수나 편입생각은 계속해도 그냥 저냥 다니게됨
25,수원대 건축쪽으로 가고싶으면 건도부로 오셈 내친구 건설환경에너디 다니는데 비교해보니까 우리과가 더나음
26,문콘과는 미래혁신관이라는 가장 최근 건물을 사용합니다. 그래서 저는 건물에 대한 불만없어요. 깨끗하고 깔끔하고 최신식이고 너무 좋아요 정문에서도 그리 멀지 않고 학교 앞에 먹을 거 다 있어서 좋아요 술집도 다 있고. 다만 교통이 좋은 편은 아니라 그게 좀 아쉬워요 장학금은 무난한 거 같네요 문콘은 복전 전과가 안되서 여기에 할 말은 없고요ㅠ 캠퍼스 엄청 넓어요~
27,소수과라 두루두루 친하고 한 교수님 수업을 오래 듣는 경우가 많아요. 학점따기는 많이 빡세요. 다들 너무 잘하고 열정적이라 학점따기 진짜 힘들어요. 학년이 올라갈수록 실습 수업이 많아요. 저는 문콘 강추 최긍문콘^^^^
28,학교 진짜 넓어서 수업가면서 지침 그래서 지쿠터 많이 타는거 같았음 미대는 괜찮은데 조형관 시설 우짤교.. 엘베도 좀 있었으면 정시 국어 성적 망해서 쓴 학교라 만족은 아니지만 수원대 예체능은 괜찮다고 알고 있음 예체능 말고도 반수 생각 하는 애들 꽤 보는데 그런 생각 하면서 그냥 저냥 다니게 되는 학교 같음
29,교수님들은 좋은 교수님들 많이 계심 이번 년부터 학부제로 뽑아서 전공 하나에 애들 다 몰려있는 상황이라 본인 전공 아닌 다른 전공 수업 듣게 되는건 좀 에바라 생각 함 그래도 분위기는 좋음
30,"체대건물은 매우 열악하고 다양한 교양수업이있고 풍경이 이쁘다. 체대아웃풋은 경찰,유아체육,강사로 단호히 없다고 보면된다. 생각좀 있는 사람이면 대다수 3학년때 편입함 계속 다닐꺼면 공부좀만해도 올 장학금받으니까 올장학금 받고 복수전공해서 본인이득챙기는게 최고다."
31,"스포츠과학부에 속한 운건과가면 취업된다. 전망 좋다 하는데 졸업생시각으로 볼땐 아니다. 전공살리려면 최소 대학원이상가야 알까말까인데 고작 운건과 하나가서 보건소취업하고 재활트레이너하는걸로 전망이 좋다 말 할 수 없다. 우리나라에서 재활트레이너라는 말도 거짓말이다. “재활”이란 명칭은 “물리치료학과”만 다룰 수 있는 학문이고 운건과 나와서 “재활트레이너” 한다는건 “공인된 자격증없이 나 재활 학교에서 이만큼 깨작 배웠으니 재활 할 줄 알아요” 뉘앙스다. 대학원진학 없고 순전히 운건과만 나오고 메리트를 가질 수 있는건 “트레이너” 업계이다. 학과 교수님들중 열의있고 좋은 교수님은 딱 몇분밖에 안 계신다. 그 외에는 다소 실망할 수 있다. 예를들어 강의때 책만 있는 그대로 읽는 교수도 있었다. 학과분위기는 스포츠과학부의 등급대가 4-6 매우 낮다보니 학업에 열의있는 사람이 정말 드물고 시험때 컨닝하는 애들도 자주 목격했었다. 그냥 대충해도 학점 잘 나오는 수준 학과분위기에 휩쓸리지않고 교환학생,복수전공 꼭 이용하는게 제일 현명한거다 요즘 체대전공하나로 메리트없다. 빼먹을거 빼먹는다면 충분히 나쁘진않지만 학과분위기가 너무 안습이다. 예를들어 교양수업때 체대생들이 학업분위기 흐린다고 글 올라오면 체대생들 단체로 우루루몰려가서 ~~~호로 찾아와라,논리는 없고 얼굴보고 얘기하자 식의 얘기들 뿐이었다. 16학번 나때는 다나까 사용,압존법,운동장 가로지르기금지,체대건물에선 상대가 누구든 무조건 인사하기,일주일에 3-4번 집합,신입생들 흡연구역 특정지역으로 지정 - 다른곳에서 피면 집합하고 개욕먹는다. , 등등 이해할 수 없는 꼰대문화였다."
32,학교가 넓다 이거 하나가 장점인듯 시설은 미래 혁신관 빼고 다 안 좋고 특히 인문대는 거의 쓰러지기 직전임
33,분위기는 다 갠플이고 소속감 들어와서 한번도 느낀적 없음... 언어 부분은 취업도 안되고 커리큘럼도 쓸모있다고 생각드는 수업은 여태 못 찾았음.... 들어와서 전과나 복전 할거 아니면 다른데로 가...
34,"학교 주위에 진짜 놀만한 장소가 없고,학교가 진짜 넒어요 그래도 주위에 카페나 음식점은 꽤 있어여 1학년때 필수교양으로 듣는 과목들이 좀 별로.. 학교내에 편의점이 있어서 좋아요 은근 장학금도 괜찮게 주더라고요"
35,"1년간 경험해보고 법과 행정중에 선택할 수 있는 점이 좋아요 행정쪽에 ㄱㅈㅇ교수님과 법쪽에 ㅅㅊㅇ,ㄱㅈㅎ 교수님이 진짜 수업을 잘 가르치시고 친절하시고 진로에 도움이 많이돼요 학점은 노력하는만큼 나오는편이에요 특히 공무원시험 준비한다면 다른학과에 비해 공시를 준비하는 분들이 많아서 법행정학과에서 가끔 졸업생이나 재학생 중에서 합격한 선배들이 와서 후기?를 알려주고 질문도 오갈수 있어서 도움이 됩니당 학과의 특성상 다른 학과에 비해 로스쿨을 노리는 것이 아닌 이상 그렇게 학연이나 학교의 수준에 구애받지 않을 수 있는게 큰 장점인거같아요 시험같은 경우 몇몇 과목은 범위만 주어진 채 모든걸 암기해야하는 상황이 오는 경우가 있어서 공부하기에 어려움이 있을수도 있지만 그만큼 노력한 사람들에게 유리하죠 다른과에비해 조별활동이 없어서 진짜 좋아요ㅠㅠ(지금 1년간 한번도 조별활동의 경험이 없음) 근데 학과 건물이 너무 오르막길에다가 정문에서 멀어서 등교할때 좀 버거워요 지금은 코로나라 다행이지만 대면수업을 하게 된다면 항상 그 길을 오를생각에 막막해지네요.."
36,"캠퍼스가 엄청 넓다!! 진짜 생각했던 것보다 넓어서 깜짝 놀람ㅎㅎ 정문에서 후문까지 갈려면 그 전동킥보드 꼭 타고 가야 된다...저번에 후문까지 걸어갔눈데 너무 힘들어서 지쳤음 학교 시설은 좀 낡았다 운동장도 운동장 느낌이 안 나고, 에타만 봐도 시설 진짜 싹 다 고쳐야 된다고 함 ex) 음대, 인사대 개인적으로 내 생각엔 미혁빼고 다 뜯어 고쳐야 될 듯.. 중앙도서관은 계단 좀 어떻게 해주세요 제발 학교 주변에 식당 많이 있음 7분정도 걸어가거나 아님 대학교 정문 건너편에 많이 보임 ex) 돈까스집, 덮밥집, 떡볶이집, 카페, 쥬씨, 편의점, 술집 등 그런데 놀거리는 많이 없음 피방, 노래방은 있지만 난 한번도 가본 적 없다.. 교통은 보통 나쁘지도 않고 좋지도 않고 애매하다 수원역, 오목천역으로 가는 버스 꽤 있음 7790 탈려면 개일찍 나와야ㅠ된다 (에타에서 7790 자리 있냐 없냐 계속 올라옴) ㄴ장학금은 아직 1학년이라 잘 모르겠다 복수전공은 이 학부에 들어오면 꼭 해야 될 듯 (상경계열쪽으로)"
37,"외국어학부 수업 커리큘럼은 그저 그렇다. 좋은 것도 아니고 나쁜 것도 아닌 딱 그 중간 팀플은 1학기 때 비대면으로 수업해서 그런지, 엄청 많지는 않았다. 그렇지만 선배들과의 교류가 많이 없어, 선배님들의 취업소식이나 1학년 때 외국어학부에서 어떤 걸 하면 이득이다! 이런 정보를 알 수 없어 답답하다."
38,장점:몇몇 강의빼고는 교수님들 다ㄱㅊ음 나 사람은근 가리는 스타일인데 호감인 교수님들 꽤많음 그리고 교수평도 선배들이써놔서 90퍼정도는 평가 맞음 10퍼는 좀 아닌듯 단점:공대다니는데 교실이나 실습이나 시설이 개구짐 그리고 학교 디지게큼 그리고 오르막도 디지게많음 거기다가 과제물이랑 노트북이런거 챙겨서 다니는데 완전 군장매고 행군하는거 같음 (참고로 완전 군장 40kg정도함) 파훼법:학교앞에 전동킥보드 많으니까 무조건 이거 타고다니셈 학교걸어서 다니면 살빠지고 좋다고? 연골 작살나봐야 정신차림 살찌더라도 전동 킥보드 타고다녀야함 종합:나쁘지 않음 시설이 그지 같지만 교수 몇몇은 ㄱㅊ아서 반수나 편입생각은 계속해도 그냥 저냥 다니게됨
39,수원대 건축쪽으로 가고싶으면 건도부로 오셈 내친구 건설환경에너디 다니는데 비교해보니까 우리과가 더나음
40,학교는 전체적으로 캠퍼스가 이뻐서 마음에 들었다. 몇몇 소수건물들만 빼면 확실히 학교는 좋다. 조경이.잘 되어 있다.근데 은행나무좀 좀 어떻게 했으면 좋겠다....가로수를 은행나무로 하냐 역이 연장되면좋겠다ㅠㅠㅠㅠㅠㅠ수원여대 너무 부러워.....
41,그냥 대부분 미대 시설들과 같다. 과실이 크다 교수님들커리가 장난아니고 저명하신 분들이 많다 ㅈ조형관은 너무 오래되서 문 같은거는 최신식 현관비번으로 좀 바꾸면 좋겠다. 작품훼손..도난분실사고가 많다.
42,"학교에서 제일 좋은 건물에 과사무실이랑 과방, vr센터 있어요ㅎ 소수과라 성적 장학금은 몇 명 못받지만 학교 장학 제도가 잘되어있어 타기 쉬운 편이에요"
43,커리큘럼이 다양해서 원하는 분야 수업을 들을 수 있어요 소수과라 선후배간의 교류도 활발하고 교수님들도 열정적이십니다 학점은 !열심히!하면 잘 받을 수 있어요 신설과라 커리큘럼이 완전히 자리잡진 않았는데 입결도 높고 다들 열정적이고 좋습니다
44,"체대건물은 매우 열악하고 다양한 교양수업이있고 풍경이 이쁘다. 체대아웃풋은 경찰,유아체육,강사로 단호히 없다고 보면된다. 생각좀 있는 사람이면 대다수 3학년때 편입함 계속 다닐꺼면 공부좀만해도 올 장학금받으니까 올장학금 받고 복수전공해서 본인이득챙기는게 최고다."
45,"스포츠과학부에 속한 운건과가면 취업된다. 전망 좋다 하는데 졸업생시각으로 볼땐 아니다. 전공살리려면 최소 대학원이상가야 알까말까인데 고작 운건과 하나가서 보건소취업하고 재활트레이너하는걸로 전망이 좋다 말 할 수 없다. 우리나라에서 재활트레이너라는 말도 거짓말이다. “재활”이란 명칭은 “물리치료학과”만 다룰 수 있는 학문이고 운건과 나와서 “재활트레이너” 한다는건 “공인된 자격증없이 나 재활 학교에서 이만큼 깨작 배웠으니 재활 할 줄 알아요” 뉘앙스다. 대학원진학 없고 순전히 운건과만 나오고 메리트를 가질 수 있는건 “트레이너” 업계이다. 학과 교수님들중 열의있고 좋은 교수님은 딱 몇분밖에 안 계신다. 그 외에는 다소 실망할 수 있다. 예를들어 강의때 책만 있는 그대로 읽는 교수도 있었다. 학과분위기는 스포츠과학부의 등급대가 4-6 매우 낮다보니 학업에 열의있는 사람이 정말 드물고 시험때 컨닝하는 애들도 자주 목격했었다. 그냥 대충해도 학점 잘 나오는 수준 학과분위기에 휩쓸리지않고 교환학생,복수전공 꼭 이용하는게 제일 현명한거다 요즘 체대전공하나로 메리트없다. 빼먹을거 빼먹는다면 충분히 나쁘진않지만 학과분위기가 너무 안습이다. 예를들어 교양수업때 체대생들이 학업분위기 흐린다고 글 올라오면 체대생들 단체로 우루루몰려가서 ~~~호로 찾아와라,논리는 없고 얼굴보고 얘기하자 식의 얘기들 뿐이었다. 16학번 나때는 다나까 사용,압존법,운동장 가로지르기금지,체대건물에선 상대가 누구든 무조건 인사하기,일주일에 3-4번 집합,신입생들 흡연구역 특정지역으로 지정 - 다른곳에서 피면 집합하고 개욕먹는다. , 등등 이해할 수 없는 꼰대문화였다."
46,학교가 넓다 이거 하나가 장점인듯 시설은 미래 혁신관 빼고 다 안 좋고 특히 인문대는 거의 쓰러지기 직전임
47,분위기는 다 갠플이고 소속감 들어와서 한번도 느낀적 없음... 언어 부분은 취업도 안되고 커리큘럼도 쓸모있다고 생각드는 수업은 여태 못 찾았음.... 들어와서 전과나 복전 할거 아니면 다른데로 가...
48,"학교 주위에 진짜 놀만한 장소가 없고,학교가 진짜 넒어요 그래도 주위에 카페나 음식점은 꽤 있어여 1학년때 필수교양으로 듣는 과목들이 좀 별로.. 학교내에 편의점이 있어서 좋아요 은근 장학금도 괜찮게 주더라고요"
49,"1년간 경험해보고 법과 행정중에 선택할 수 있는 점이 좋아요 행정쪽에 ㄱㅈㅇ교수님과 법쪽에 ㅅㅊㅇ,ㄱㅈㅎ 교수님이 진짜 수업을 잘 가르치시고 친절하시고 진로에 도움이 많이돼요 학점은 노력하는만큼 나오는편이에요 특히 공무원시험 준비한다면 다른학과에 비해 공시를 준비하는 분들이 많아서 법행정학과에서 가끔 졸업생이나 재학생 중에서 합격한 선배들이 와서 후기?를 알려주고 질문도 오갈수 있어서 도움이 됩니당 학과의 특성상 다른 학과에 비해 로스쿨을 노리는 것이 아닌 이상 그렇게 학연이나 학교의 수준에 구애받지 않을 수 있는게 큰 장점인거같아요 시험같은 경우 몇몇 과목은 범위만 주어진 채 모든걸 암기해야하는 상황이 오는 경우가 있어서 공부하기에 어려움이 있을수도 있지만 그만큼 노력한 사람들에게 유리하죠 다른과에비해 조별활동이 없어서 진짜 좋아요ㅠㅠ(지금 1년간 한번도 조별활동의 경험이 없음) 근데 학과 건물이 너무 오르막길에다가 정문에서 멀어서 등교할때 좀 버거워요 지금은 코로나라 다행이지만 대면수업을 하게 된다면 항상 그 길을 오를생각에 막막해지네요.."
50,
51,
52,
53,
54,장점:몇몇 강의빼고는 교수님들 다ㄱㅊ음 나 사람은근 가리는 스타일인데 호감인 교수님들 꽤많음 그리고 교수평도 선배들이써놔서 90퍼정도는 평가 맞음 10퍼는 좀 아닌듯 단점:공대다니는데 교실이나 실습이나 시설이 개구짐 그리고 학교 디지게큼 그리고 오르막도 디지게많음 거기다가 과제물이랑 노트북이런거 챙겨서 다니는데 완전 군장매고 행군하는거 같음 (참고로 완전 군장 40kg정도함) 파훼법:학교앞에 전동킥보드 많으니까 무조건 이거 타고다니셈 학교걸어서 다니면 살빠지고 좋다고? 연골 작살나봐야 정신차림 살찌더라도 전동 킥보드 타고다녀야함 종합:나쁘지 않음 시설이 그지 같지만 교수 몇몇은 ㄱㅊ아서 반수나 편입생각은 계속해도 그냥 저냥 다니게됨
55,수원대 건축쪽으로 가고싶으면 건도부로 오셈 내친구 건설환경에너디 다니는데 비교해보니까 우리과가 더나음
56,학교는 전체적으로 캠퍼스가 이뻐서 마음에 들었다. 몇몇 소수건물들만 빼면 확실히 학교는 좋다. 조경이.잘 되어 있다.근데 은행나무좀 좀 어떻게 했으면 좋겠다....가로수를 은행나무로 하냐 역이 연장되면좋겠다ㅠㅠㅠㅠㅠㅠ수원여대 너무 부러워.....
57,그냥 대부분 미대 시설들과 같다. 과실이 크다 교수님들커리가 장난아니고 저명하신 분들이 많다 ㅈ조형관은 너무 오래되서 문 같은거는 최신식 현관비번으로 좀 바꾸면 좋겠다. 작품훼손..도난분실사고가 많다.
58,"학교에서 제일 좋은 건물에 과사무실이랑 과방, vr센터 있어요ㅎ 소수과라 성적 장학금은 몇 명 못받지만 학교 장학 제도가 잘되어있어 타기 쉬운 편이에요"
59,커리큘럼이 다양해서 원하는 분야 수업을 들을 수 있어요 소수과라 선후배간의 교류도 활발하고 교수님들도 열정적이십니다 학점은 !열심히!하면 잘 받을 수 있어요 신설과라 커리큘럼이 완전히 자리잡진 않았는데 입결도 높고 다들 열정적이고 좋습니다
60,학교가 넓어요! 엄청 넓어요! 그랴서 힘들어요 발바닥 부셔지는줄..... 아직 새내기라서 많은 걸 알지는 못하지만 저는 만족하고있어요! 강제 다이어트!
61,교수님 열정이 대단하세요! 너무 넘쳐요 그랴서 힘들어요.... 코로나땨문에 모임이 없어서 선배와 동기들을 많이 만나보지는 못했지만 좋을거라고 믿고있어요!
62,건물이 낡아서 좀 그런데 우리 학과 건물을 좋아요ㅔ
63,신설과라 비전이 좋고 지원이 많다. 소수과라 가족같은 분위기이다. 커리큘럼만 잘 잡히면 아마 탑으로 성장하지 않을까 온라인 강의 임에도 불구하고 교수님들이 다 열정적이셔서 재미있었다. 영상 영화 공연 뮤지컬 Ar등 다양한거 해보고 싶으면 추천
64,"학교 주위에 진짜 놀만한 장소가 없고,학교가 진짜 넒어요 그래도 주위에 카페나 음식점은 꽤 있어여 1학년때 필수교양으로 듣는 과목들이 좀 별로.. 학교내에 편의점이 있어서 좋아요 은근 장학금도 괜찮게 주더라고요"
65,"1년간 경험해보고 법과 행정중에 선택할 수 있는 점이 좋아요 행정쪽에 ㄱㅈㅇ교수님과 법쪽에 ㅅㅊㅇ,ㄱㅈㅎ 교수님이 진짜 수업을 잘 가르치시고 친절하시고 진로에 도움이 많이돼요 학점은 노력하는만큼 나오는편이에요 특히 공무원시험 준비한다면 다른학과에 비해 공시를 준비하는 분들이 많아서 법행정학과에서 가끔 졸업생이나 재학생 중에서 합격한 선배들이 와서 후기?를 알려주고 질문도 오갈수 있어서 도움이 됩니당 학과의 특성상 다른 학과에 비해 로스쿨을 노리는 것이 아닌 이상 그렇게 학연이나 학교의 수준에 구애받지 않을 수 있는게 큰 장점인거같아요 시험같은 경우 몇몇 과목은 범위만 주어진 채 모든걸 암기해야하는 상황이 오는 경우가 있어서 공부하기에 어려움이 있을수도 있지만 그만큼 노력한 사람들에게 유리하죠 다른과에비해 조별활동이 없어서 진짜 좋아요ㅠㅠ(지금 1년간 한번도 조별활동의 경험이 없음) 근데 학과 건물이 너무 오르막길에다가 정문에서 멀어서 등교할때 좀 버거워요 지금은 코로나라 다행이지만 대면수업을 하게 된다면 항상 그 길을 오를생각에 막막해지네요.."
66,
67,
68,"1. 존잼학교 ㄹㅇ ㅋㅋ 1학년때는 술 개때려서 기억있는날이 더 적을거고 군대갔다와서 2학년때 복전이나 전과때리는애들 좀 있고 생각보다 할만하다고함. 3학년 4학년때는 도서관에서 사느라고 말안해서 입에서 단내남 4학년이 개헬임 ㅅㄱ 근데 어느학교가도 마찬가지잖아 2. 새벽에 도서관에서 공부끝내고 나와서 하늘보면 예술임 자취하기좋음 방값도 싸고 슈퍼 편의점 식당 정문 후문 쪽문 다 있을건 다 있고 여자애들은 공대생아니면 후문자취는 비추 밤에 좀 어두워서.. 남자애들은 후문 개추천 제육맛집있고 방값 젤 쌈 굿 3. 아웃풋은 걍 공기업,중견,중소 위주로 간다보면됨 대기업도 친구들보면 서류는 붙는거같던데 면접때 털리고와서 내 친구들중에는 대기업 없긴해 선배들보면 전력 에너지 이쪽 공기업 좀 가고 중견 중소도 가고 그랬음 sk도 좀 가는듯 4. 교환학생 매년 뽑고 장학금 개퍼줌 어지간히 시험망하는거 아닌이상 걍 무조건 받는다생각하면됨 5. 음.. 아 맞아 우리학교 벚꽃예쁘다 두번 세번보시길 6.리얼 애매한포지션에 있는학교라 자기 하는만큼 가는학교라고 생각하면됨 3학년4학년때 자격증필요한거 다 따서 졸업하면 대기업감 근데 자격증 하나도안따고 걍 졸업하면 아무것도못함 그런대학임"
69,1.공대가 다 그렇듯 걍 기사1 토익850 컴활1급 토스5 공기업갈거면 여기에 한국사고급 있으면 암대나 서류뚫음 취업은 걱정 ㄴㄴ 2.재료공학 재밌음 뭐리 설명해야되나 모르겠는데 걍 공대 과 고를때 한번쯤 고민해보셈 나는 재밌게 다녔음 이건 걍 케바케라 학과후기라 할것도없네.. 3.오면 남자밭이고 형들이랑 술 개먹는다 근데 요즘은 모름 ㅎㅎ 나 복학하고나서는 그러는거 거의없어진거같기도?? 복학하고나서는 애들이랑 도서관만가서 모르겟네 4.학점은 난 따기 쉽다 생각했음 기사공부할때보다 4점대 나왔을때가 더 공부안했음 어느정도 적당히 공부해도 3.5 3.8 나온다는소리임 안쫄아두댐
70,"<장점> 1. 학생들의 복지시설, 취업 지원 또는 교육, 장학금혜택, 컬리큘럼이 좋다. 2. 학교가 넓어서 내가 대학생이다라는 느낌을 받을 수 있다. 3. 선후배간의 군기가 없다 <단점> 1. 학생회 비리가 심하다. 학생회비는 타학교에 비해 비싸게 내는 편인데 비싼거 치고는 축제,새터 등 퀄리티가 후졌다 2. 학교 근처에 맛집이 별로 없다. 대신 배달시켜먹으면 된다 3. 사람들이 별로다. 4. ESL(영어)가 필수과목인데 교수들이 다 외국인인데 문제는 한국어를 못해서 영어로 대화해야 한다. 그래서 학점 따기가 다른 과목에 비해 어려울 수도 있다. 5. 전 이인수총장의 학사비리와 횡령 사건 때문에 학교 이미지가 안좋다. 그래서 편입생이나 반수생이 많은 편이다. (나도 21학번으로 반수 할거라서..)"
71,<장점> 1. 교수들이 열정적으로 잘 가르치실려고 노력하시고 피드백을 많이 남겨주신다 2. 학교에서 도구 지원을 해주신다. 3. 취업률이 타 미대들 보다 높은 편이다 (이유는 3~4학년 되면 교수님들이 취업면담같은거 하시기 때문이다) 4. 선배들이 다 친절하시고 군기가 전혀 없다. 대신 여긴 여초과라 남학생은 거의 우대해준다. (대신 무거운 짐들은 다 남자가 들어야 한다.) <단점> 1. 조형관 시설이 너~~~~무 후졌다 •여름되면 비오거나 에어컨이 고장나서 건물 안에 물이 많이 센다. 또한 벌레들이 엄청 많이 온다. • 엘레베이터가 없어서 4층까지 올라가야한다. (숨막혀 미치겠다) • 서랍장이나 책상 의자 이젤이 좀 낡은 편이다. 대신 서랍장이 레전드인듯. 06학번 선배님들이 쓰신 흔적이 있음. 2. 1학년 때는 정해준 시간표 대로 해야 한다.
72,일단 나는 학교 캠퍼스 크고 넓은데를 원했는데 우리학교의 장점이자 단점은 학교가 크다....시설은 경상대쓰는데 경상대 지은지 얼마안되서 진짜좋음 다른건물은 낡았다고 난린데 경상대는 ㄹㅇ빛남... 장학금도 뭐 잘주는편이고 아직1학년이라 취업지원 이런건 잘모르겠다 ㅎㅎ 경영이라그런지 타과 복수전공생은 많더라
73,일단 우리학교의 장점은 교수진과 커리큘럼이라 생각함 교수님들 진짜좋으심 취업률은 하기나름이고 요즘시대에 당연히 군기야 없고 학점은 내가망침
74,"학교에서 제일 좋은 건물에 과사무실이랑 과방, vr센터 있어요ㅎ 소수과라 성적 장학금은 몇 명 못받지만 학교 장학 제도가 잘되어있어 타기 쉬운 편이에요"
75,커리큘럼이 다양해서 원하는 분야 수업을 들을 수 있어요 소수과라 선후배간의 교류도 활발하고 교수님들도 열정적이십니다 학점은 !열심히!하면 잘 받을 수 있어요 신설과라 커리큘럼이 완전히 자리잡진 않았는데 입결도 높고 다들 열정적이고 좋습니다
76,학교가 넓어요! 엄청 넓어요! 그랴서 힘들어요 발바닥 부셔지는줄..... 아직 새내기라서 많은 걸 알지는 못하지만 저는 만족하고있어요! 강제 다이어트!
77,교수님 열정이 대단하세요! 너무 넘쳐요 그랴서 힘들어요.... 코로나땨문에 모임이 없어서 선배와 동기들을 많이 만나보지는 못했지만 좋을거라고 믿고있어요!
78,건물이 낡아서 좀 그런데 우리 학과 건물을 좋아요ㅔ
79,신설과라 비전이 좋고 지원이 많다. 소수과라 가족같은 분위기이다. 커리큘럼만 잘 잡히면 아마 탑으로 성장하지 않을까 온라인 강의 임에도 불구하고 교수님들이 다 열정적이셔서 재미있었다. 영상 영화 공연 뮤지컬 Ar등 다양한거 해보고 싶으면 추천
80,
81,
82,
83,
84,"1. 존잼학교 ㄹㅇ ㅋㅋ 1학년때는 술 개때려서 기억있는날이 더 적을거고 군대갔다와서 2학년때 복전이나 전과때리는애들 좀 있고 생각보다 할만하다고함. 3학년 4학년때는 도서관에서 사느라고 말안해서 입에서 단내남 4학년이 개헬임 ㅅㄱ 근데 어느학교가도 마찬가지잖아 2. 새벽에 도서관에서 공부끝내고 나와서 하늘보면 예술임 자취하기좋음 방값도 싸고 슈퍼 편의점 식당 정문 후문 쪽문 다 있을건 다 있고 여자애들은 공대생아니면 후문자취는 비추 밤에 좀 어두워서.. 남자애들은 후문 개추천 제육맛집있고 방값 젤 쌈 굿 3. 아웃풋은 걍 공기업,중견,중소 위주로 간다보면됨 대기업도 친구들보면 서류는 붙는거같던데 면접때 털리고와서 내 친구들중에는 대기업 없긴해 선배들보면 전력 에너지 이쪽 공기업 좀 가고 중견 중소도 가고 그랬음 sk도 좀 가는듯 4. 교환학생 매년 뽑고 장학금 개퍼줌 어지간히 시험망하는거 아닌이상 걍 무조건 받는다생각하면됨 5. 음.. 아 맞아 우리학교 벚꽃예쁘다 두번 세번보시길 6.리얼 애매한포지션에 있는학교라 자기 하는만큼 가는학교라고 생각하면됨 3학년4학년때 자격증필요한거 다 따서 졸업하면 대기업감 근데 자격증 하나도안따고 걍 졸업하면 아무것도못함 그런대학임"
85,1.공대가 다 그렇듯 걍 기사1 토익850 컴활1급 토스5 공기업갈거면 여기에 한국사고급 있으면 암대나 서류뚫음 취업은 걱정 ㄴㄴ 2.재료공학 재밌음 뭐리 설명해야되나 모르겠는데 걍 공대 과 고를때 한번쯤 고민해보셈 나는 재밌게 다녔음 이건 걍 케바케라 학과후기라 할것도없네.. 3.오면 남자밭이고 형들이랑 술 개먹는다 근데 요즘은 모름 ㅎㅎ 나 복학하고나서는 그러는거 거의없어진거같기도?? 복학하고나서는 애들이랑 도서관만가서 모르겟네 4.학점은 난 따기 쉽다 생각했음 기사공부할때보다 4점대 나왔을때가 더 공부안했음 어느정도 적당히 공부해도 3.5 3.8 나온다는소리임 안쫄아두댐
86,"<장점> 1. 학생들의 복지시설, 취업 지원 또는 교육, 장학금혜택, 컬리큘럼이 좋다. 2. 학교가 넓어서 내가 대학생이다라는 느낌을 받을 수 있다. 3. 선후배간의 군기가 없다 <단점> 1. 학생회 비리가 심하다. 학생회비는 타학교에 비해 비싸게 내는 편인데 비싼거 치고는 축제,새터 등 퀄리티가 후졌다 2. 학교 근처에 맛집이 별로 없다. 대신 배달시켜먹으면 된다 3. 사람들이 별로다. 4. ESL(영어)가 필수과목인데 교수들이 다 외국인인데 문제는 한국어를 못해서 영어로 대화해야 한다. 그래서 학점 따기가 다른 과목에 비해 어려울 수도 있다. 5. 전 이인수총장의 학사비리와 횡령 사건 때문에 학교 이미지가 안좋다. 그래서 편입생이나 반수생이 많은 편이다. (나도 21학번으로 반수 할거라서..)"
87,<장점> 1. 교수들이 열정적으로 잘 가르치실려고 노력하시고 피드백을 많이 남겨주신다 2. 학교에서 도구 지원을 해주신다. 3. 취업률이 타 미대들 보다 높은 편이다 (이유는 3~4학년 되면 교수님들이 취업면담같은거 하시기 때문이다) 4. 선배들이 다 친절하시고 군기가 전혀 없다. 대신 여긴 여초과라 남학생은 거의 우대해준다. (대신 무거운 짐들은 다 남자가 들어야 한다.) <단점> 1. 조형관 시설이 너~~~~무 후졌다 •여름되면 비오거나 에어컨이 고장나서 건물 안에 물이 많이 센다. 또한 벌레들이 엄청 많이 온다. • 엘레베이터가 없어서 4층까지 올라가야한다. (숨막혀 미치겠다) • 서랍장이나 책상 의자 이젤이 좀 낡은 편이다. 대신 서랍장이 레전드인듯. 06학번 선배님들이 쓰신 흔적이 있음. 2. 1학년 때는 정해준 시간표 대로 해야 한다.
88,일단 나는 학교 캠퍼스 크고 넓은데를 원했는데 우리학교의 장점이자 단점은 학교가 크다....시설은 경상대쓰는데 경상대 지은지 얼마안되서 진짜좋음 다른건물은 낡았다고 난린데 경상대는 ㄹㅇ빛남... 장학금도 뭐 잘주는편이고 아직1학년이라 취업지원 이런건 잘모르겠다 ㅎㅎ 경영이라그런지 타과 복수전공생은 많더라
89,일단 우리학교의 장점은 교수진과 커리큘럼이라 생각함 교수님들 진짜좋으심 취업률은 하기나름이고 요즘시대에 당연히 군기야 없고 학점은 내가망침
90,제대로 된 지원이 하나도 없음 430내면서 미대를 왔는데 재료라던가 도구에 대한 지원도 하나도 없고 이번에 또 수강신청에 대한 문제도 터치고 비리도 터지고 부실대로 소문은 나고.. 별로임
91,학과 자체는 나은 편인데 학교에서 일도 제대로 안하고 난리란 난리는 다 쳐놓고 수습도 못하고 피드백 요구하면 회피만하고 제대로 된게 없음
92,학교가 넓어요! 엄청 넓어요! 그랴서 힘들어요 발바닥 부셔지는줄..... 아직 새내기라서 많은 걸 알지는 못하지만 저는 만족하고있어요! 강제 다이어트!
93,교수님 열정이 대단하세요! 너무 넘쳐요 그랴서 힘들어요.... 코로나땨문에 모임이 없어서 선배와 동기들을 많이 만나보지는 못했지만 좋을거라고 믿고있어요!
94,건물이 낡아서 좀 그런데 우리 학과 건물을 좋아요ㅔ
95,신설과라 비전이 좋고 지원이 많다. 소수과라 가족같은 분위기이다. 커리큘럼만 잘 잡히면 아마 탑으로 성장하지 않을까 온라인 강의 임에도 불구하고 교수님들이 다 열정적이셔서 재미있었다. 영상 영화 공연 뮤지컬 Ar등 다양한거 해보고 싶으면 추천
96,
97,
98,
99,
100,"1. 존잼학교 ㄹㅇ ㅋㅋ 1학년때는 술 개때려서 기억있는날이 더 적을거고 군대갔다와서 2학년때 복전이나 전과때리는애들 좀 있고 생각보다 할만하다고함. 3학년 4학년때는 도서관에서 사느라고 말안해서 입에서 단내남 4학년이 개헬임 ㅅㄱ 근데 어느학교가도 마찬가지잖아 2. 새벽에 도서관에서 공부끝내고 나와서 하늘보면 예술임 자취하기좋음 방값도 싸고 슈퍼 편의점 식당 정문 후문 쪽문 다 있을건 다 있고 여자애들은 공대생아니면 후문자취는 비추 밤에 좀 어두워서.. 남자애들은 후문 개추천 제육맛집있고 방값 젤 쌈 굿 3. 아웃풋은 걍 공기업,중견,중소 위주로 간다보면됨 대기업도 친구들보면 서류는 붙는거같던데 면접때 털리고와서 내 친구들중에는 대기업 없긴해 선배들보면 전력 에너지 이쪽 공기업 좀 가고 중견 중소도 가고 그랬음 sk도 좀 가는듯 4. 교환학생 매년 뽑고 장학금 개퍼줌 어지간히 시험망하는거 아닌이상 걍 무조건 받는다생각하면됨 5. 음.. 아 맞아 우리학교 벚꽃예쁘다 두번 세번보시길 6.리얼 애매한포지션에 있는학교라 자기 하는만큼 가는학교라고 생각하면됨 3학년4학년때 자격증필요한거 다 따서 졸업하면 대기업감 근데 자격증 하나도안따고 걍 졸업하면 아무것도못함 그런대학임"
101,1.공대가 다 그렇듯 걍 기사1 토익850 컴활1급 토스5 공기업갈거면 여기에 한국사고급 있으면 암대나 서류뚫음 취업은 걱정 ㄴㄴ 2.재료공학 재밌음 뭐리 설명해야되나 모르겠는데 걍 공대 과 고를때 한번쯤 고민해보셈 나는 재밌게 다녔음 이건 걍 케바케라 학과후기라 할것도없네.. 3.오면 남자밭이고 형들이랑 술 개먹는다 근데 요즘은 모름 ㅎㅎ 나 복학하고나서는 그러는거 거의없어진거같기도?? 복학하고나서는 애들이랑 도서관만가서 모르겟네 4.학점은 난 따기 쉽다 생각했음 기사공부할때보다 4점대 나왔을때가 더 공부안했음 어느정도 적당히 공부해도 3.5 3.8 나온다는소리임 안쫄아두댐
102,"<장점> 1. 학생들의 복지시설, 취업 지원 또는 교육, 장학금혜택, 컬리큘럼이 좋다. 2. 학교가 넓어서 내가 대학생이다라는 느낌을 받을 수 있다. 3. 선후배간의 군기가 없다 <단점> 1. 학생회 비리가 심하다. 학생회비는 타학교에 비해 비싸게 내는 편인데 비싼거 치고는 축제,새터 등 퀄리티가 후졌다 2. 학교 근처에 맛집이 별로 없다. 대신 배달시켜먹으면 된다 3. 사람들이 별로다. 4. ESL(영어)가 필수과목인데 교수들이 다 외국인인데 문제는 한국어를 못해서 영어로 대화해야 한다. 그래서 학점 따기가 다른 과목에 비해 어려울 수도 있다. 5. 전 이인수총장의 학사비리와 횡령 사건 때문에 학교 이미지가 안좋다. 그래서 편입생이나 반수생이 많은 편이다. (나도 21학번으로 반수 할거라서..)"
103,<장점> 1. 교수들이 열정적으로 잘 가르치실려고 노력하시고 피드백을 많이 남겨주신다 2. 학교에서 도구 지원을 해주신다. 3. 취업률이 타 미대들 보다 높은 편이다 (이유는 3~4학년 되면 교수님들이 취업면담같은거 하시기 때문이다) 4. 선배들이 다 친절하시고 군기가 전혀 없다. 대신 여긴 여초과라 남학생은 거의 우대해준다. (대신 무거운 짐들은 다 남자가 들어야 한다.) <단점> 1. 조형관 시설이 너~~~~무 후졌다 •여름되면 비오거나 에어컨이 고장나서 건물 안에 물이 많이 센다. 또한 벌레들이 엄청 많이 온다. • 엘레베이터가 없어서 4층까지 올라가야한다. (숨막혀 미치겠다) • 서랍장이나 책상 의자 이젤이 좀 낡은 편이다. 대신 서랍장이 레전드인듯. 06학번 선배님들이 쓰신 흔적이 있음. 2. 1학년 때는 정해준 시간표 대로 해야 한다.
104,일단 나는 학교 캠퍼스 크고 넓은데를 원했는데 우리학교의 장점이자 단점은 학교가 크다....시설은 경상대쓰는데 경상대 지은지 얼마안되서 진짜좋음 다른건물은 낡았다고 난린데 경상대는 ㄹㅇ빛남... 장학금도 뭐 잘주는편이고 아직1학년이라 취업지원 이런건 잘모르겠다 ㅎㅎ 경영이라그런지 타과 복수전공생은 많더라
105,일단 우리학교의 장점은 교수진과 커리큘럼이라 생각함 교수님들 진짜좋으심 취업률은 하기나름이고 요즘시대에 당연히 군기야 없고 학점은 내가망침
106,제대로 된 지원이 하나도 없음 430내면서 미대를 왔는데 재료라던가 도구에 대한 지원도 하나도 없고 이번에 또 수강신청에 대한 문제도 터치고 비리도 터지고 부실대로 소문은 나고.. 별로임
107,학과 자체는 나은 편인데 학교에서 일도 제대로 안하고 난리란 난리는 다 쳐놓고 수습도 못하고 피드백 요구하면 회피만하고 제대로 된게 없음
108,일단 학교 내부가 진짜 어마어마하게 넓어.이것때문에 수업 끝나고 셔틀 놓친적 한 두번이 아니야.그리고 나는 만족해서 온게 아니어서 그런지 이 학교 단점만 보였어..ㅠㅠ.그렇게 인지도있는 학교도 아니고 그냥 경기권이다.이게 끝이야 학교 이름으로 이득보고싶으면 더 열심히 공부해서 꼭 다른 학교로 가. 그리고 인성 빻은 남자들 많다.도망가
109,학과 자체는 좋은데 몇몇 정치성향 강하신 교수님 수업이 필수라 힘들었음 학과로 먹고 살것도 아니어서..
110,군기없고 모기많고 좀 춥지만 괜찮음 음..그냥 주변에 놀거랑 먹을거랑 쉴곳많아서 못벗어남 이불같은 학교임
111,다좋음 단점이라기에는 그냥 전국연극과가 다같은 단점을 가지고사는건 당연한거고 우리학교만 단점있고 그런건없음 그냥 교양듣기귀찮음. 나머지는 다른대학보다 높거나 비슷하거나라고 생각 학교가 뭐가상관있나 어딜가나 열심히하고 열심히할환경 그리고 좋은 사람들있으면충분해
112,솔직히 있을거 다있고 캠퍼스도 넓고 위생도 그렇고 전반적으로 만족하는데 위치가 진짜구려서 교통이 힘들다. 자취하거나 긱사살거라면 솔직히 만족못할것도 없다고 생각한다.
113,본인이 좋아하는 전공이라면 추천한다. 커리큘럼도 타학교보다 체계적이고 무엇보다 열정적이고 학생좋아하는 교수님들이 많음
114,
115,
116,
117,
118,학교에 엘베가 없는 건물 많음 이게 진짜 사소하고 별거없어보이지? 하지만 아님 엄청 힘듬 학교가 경사가 심해서 건물까지 가는데 엄청힘든데 막상 도착해서 내부로 갔는데 엘베없어서 계단타고 올라가라하면 진짜 힘듬 게다가 건물 부실해서 비오는날은 건물밖에 물 다 줄줄 흐름 상수도를 밖으로 걍 빼놔서 학교에 폭포가...ㅎ..
119,교양과목은 문과과목이 제일 나은듯 약간 토론이나 말빨높이는 수업하면 도움많이됨 교수님이 잘가르쳐주심
120,시설 좋은 편이에요 교수님들이 다 열정가득 사랑가득이에요 특히 전공교수님들 좋아요 식영과지만 영어중국어 필수있고 호불호갈리지만 전 좋았어요 선후배 연결고리는 그냥 그래요 과할동많이하면 튼튼하기는 한데 애들이 별로 좋아하는거 같진않아요 자신의 성적에서 상향이나 적정이면 좋은 학교에요 근데 하향이면 학교가 좋긴좋은데 후회가 남긴 남더라고요 적성이 최고 승리자에요
121,재밌어요 전망도 괜찮은 편이에요 선배들이 와서 취업특강 해주는것도 좋아요 교수님들도 취업에 힘써주시는것같고요
122,제대로 된 지원이 하나도 없음 430내면서 미대를 왔는데 재료라던가 도구에 대한 지원도 하나도 없고 이번에 또 수강신청에 대한 문제도 터치고 비리도 터지고 부실대로 소문은 나고.. 별로임
123,학과 자체는 나은 편인데 학교에서 일도 제대로 안하고 난리란 난리는 다 쳐놓고 수습도 못하고 피드백 요구하면 회피만하고 제대로 된게 없음
124,일단 학교 내부가 진짜 어마어마하게 넓어.이것때문에 수업 끝나고 셔틀 놓친적 한 두번이 아니야.그리고 나는 만족해서 온게 아니어서 그런지 이 학교 단점만 보였어..ㅠㅠ.그렇게 인지도있는 학교도 아니고 그냥 경기권이다.이게 끝이야 학교 이름으로 이득보고싶으면 더 열심히 공부해서 꼭 다른 학교로 가. 그리고 인성 빻은 남자들 많다.도망가
125,학과 자체는 좋은데 몇몇 정치성향 강하신 교수님 수업이 필수라 힘들었음 학과로 먹고 살것도 아니어서..
126,군기없고 모기많고 좀 춥지만 괜찮음 음..그냥 주변에 놀거랑 먹을거랑 쉴곳많아서 못벗어남 이불같은 학교임
127,다좋음 단점이라기에는 그냥 전국연극과가 다같은 단점을 가지고사는건 당연한거고 우리학교만 단점있고 그런건없음 그냥 교양듣기귀찮음. 나머지는 다른대학보다 높거나 비슷하거나라고 생각 학교가 뭐가상관있나 어딜가나 열심히하고 열심히할환경 그리고 좋은 사람들있으면충분해
128,솔직히 있을거 다있고 캠퍼스도 넓고 위생도 그렇고 전반적으로 만족하는데 위치가 진짜구려서 교통이 힘들다. 자취하거나 긱사살거라면 솔직히 만족못할것도 없다고 생각한다.
129,본인이 좋아하는 전공이라면 추천한다. 커리큘럼도 타학교보다 체계적이고 무엇보다 열정적이고 학생좋아하는 교수님들이 많음
130,
131,
132,장점:학교가 큼 건물 새로 지은거 몇개있는데 ㄹㅇ개좋음 단점:학교가 큼 수업시작 30분전엔 정문 도착해야함
133,좋음 교수님들도 전부 열심히 해주심ㅎㅎㅎ
134,학교에 엘베가 없는 건물 많음 이게 진짜 사소하고 별거없어보이지? 하지만 아님 엄청 힘듬 학교가 경사가 심해서 건물까지 가는데 엄청힘든데 막상 도착해서 내부로 갔는데 엘베없어서 계단타고 올라가라하면 진짜 힘듬 게다가 건물 부실해서 비오는날은 건물밖에 물 다 줄줄 흐름 상수도를 밖으로 걍 빼놔서 학교에 폭포가...ㅎ..
135,교양과목은 문과과목이 제일 나은듯 약간 토론이나 말빨높이는 수업하면 도움많이됨 교수님이 잘가르쳐주심
136,시설 좋은 편이에요 교수님들이 다 열정가득 사랑가득이에요 특히 전공교수님들 좋아요 식영과지만 영어중국어 필수있고 호불호갈리지만 전 좋았어요 선후배 연결고리는 그냥 그래요 과할동많이하면 튼튼하기는 한데 애들이 별로 좋아하는거 같진않아요 자신의 성적에서 상향이나 적정이면 좋은 학교에요 근데 하향이면 학교가 좋긴좋은데 후회가 남긴 남더라고요 적성이 최고 승리자에요
137,재밌어요 전망도 괜찮은 편이에요 선배들이 와서 취업특강 해주는것도 좋아요 교수님들도 취업에 힘써주시는것같고요
138,학교가 넓어요. 병점역 수원역 등 역과의 거리가 있어서 셔틀이 없는 먼 지역에서 통학하기는 힘들어요. 근처에 자취방 많아요. 교환학생 프로그램 잘 되어 있어요. 뭐든 자기 하기 나름이니까 열심히 하세요~
139,"영업이 아닌 연구개발, 품질관리쪽으로 취업하고 싶으면 교수님들 연구실에서 학부연구생으로 연구하며 경험 쌓으세요. 취업시 도움되는 경력입니다. 학과 내 군기 잡는 문화 없었어요. 뭐 바이오가 뜨는 산업이라던데 전망 나름 괜찮겠죠..."
140,
141,
142,학교 넓고 돈 많고 장학제도 잘 되어있음 신설건물도 생겨서 좋음
143,비전좋은학과라 인기가 많고 다른전공학생들도 복수전공 많이함
144,솔직히 있을거 다있고 캠퍼스도 넓고 위생도 그렇고 전반적으로 만족하는데 위치가 진짜구려서 교통이 힘들다. 자취하거나 긱사살거라면 솔직히 만족못할것도 없다고 생각한다.
145,본인이 좋아하는 전공이라면 추천한다. 커리큘럼도 타학교보다 체계적이고 무엇보다 열정적이고 학생좋아하는 교수님들이 많음
146,
147,
148,장점:학교가 큼 건물 새로 지은거 몇개있는데 ㄹㅇ개좋음 단점:학교가 큼 수업시작 30분전엔 정문 도착해야함
149,좋음 교수님들도 전부 열심히 해주심ㅎㅎㅎ
150,미술대학 추천해요 실기위주로 가는 몇안되는 대학중 한곳입니다
151,순수미술계열로서 작가반 취업반 나뉘어져 다른교육을 받게됩니다!
152,
153,
154,학교가 넓어요. 병점역 수원역 등 역과의 거리가 있어서 셔틀이 없는 먼 지역에서 통학하기는 힘들어요. 근처에 자취방 많아요. 교환학생 프로그램 잘 되어 있어요. 뭐든 자기 하기 나름이니까 열심히 하세요~
155,"영업이 아닌 연구개발, 품질관리쪽으로 취업하고 싶으면 교수님들 연구실에서 학부연구생으로 연구하며 경험 쌓으세요. 취업시 도움되는 경력입니다. 학과 내 군기 잡는 문화 없었어요. 뭐 바이오가 뜨는 산업이라던데 전망 나름 괜찮겠죠..."
156,학교가 사이즈만 커서 건물간 거리만 무식하게 멀구요..자대는 완전 오래된 건물이구요..새로 지은 건물 빼고는 다 노후화되어있달까요..
157,학과도..음..아직은 모르겠음 더 다녀봐야 알거같당..선배라고는 눈 씻고도 못봄..
158,학교 넓고 돈 많고 장학제도 잘 되어있음 신설건물도 생겨서 좋음
159,비전좋은학과라 인기가 많고 다른전공학생들도 복수전공 많이함
160,장점: 여기보다 좋은학교 많은게 현실 장점xx 그냥 멀리 지방가기 싫은 사람들 다니기 적당/ 교수님들 수업 좋음/ 학교 거지 같은 거에 비해서 근데 열심히 하는 애들은 자기 살길 알아서 잘 살아나가는듯 단점: 조교 직원들 일 안함/ 수도권이지만 교통쓰렠 /열심히 하는 애들도 있지만 의욕없고 이상한 애들도 많음
161,이 분야에 진짜 관심 있는 사람들은 추천 근데 아닌 사람들은 비추 어렵기도하고 취업도 힘들고
162,
163,
164,장점:학교가 큼 건물 새로 지은거 몇개있는데 ㄹㅇ개좋음 단점:학교가 큼 수업시작 30분전엔 정문 도착해야함
165,좋음 교수님들도 전부 열심히 해주심ㅎㅎㅎ
166,
167,
168,미술대학 추천해요 실기위주로 가는 몇안되는 대학중 한곳입니다
169,순수미술계열로서 작가반 취업반 나뉘어져 다른교육을 받게됩니다!
170,이 학교 참 답없다. 열심히 해도 서로 컨닝하는 애들끼리 모여 앉아 조교도 교수도 단속안하고 학점따긴 글러 ㅎㅎ 답안지 바꿔서 푸는 거 까지봤으니 증말 답없다 ㅋㅋ신중하게 생각해
171,장점? 없음 ㄹㅇㄹ다가 개별로임 교수는 수업만하다가 나가고 별 도움안됌 빨리 재수 ㄲ
172,학교가 오질라게 넓어요 다리에 알통 생길듯 그리고 이거 화성시에 있는거고 교통편도 별로라 않좋긴한데 협성 용인 강남 장안 보단 나아요! 적어도 수도권에서 꽤 괜찮은 학교!
173,경영은 무난하긴한데 거의 좀 취업률도 그리 좋진않고 복수전공으로 딱많는 그정도? 하지만 선후배랑 관계 좋고 잘놀아서 인맥 많들기는 좋아요!
174,학교가 사이즈만 커서 건물간 거리만 무식하게 멀구요..자대는 완전 오래된 건물이구요..새로 지은 건물 빼고는 다 노후화되어있달까요..
175,학과도..음..아직은 모르겠음 더 다녀봐야 알거같당..선배라고는 눈 씻고도 못봄..
176,학교 넓고 돈 많고 장학제도 잘 되어있음 신설건물도 생겨서 좋음
177,비전좋은학과라 인기가 많고 다른전공학생들도 복수전공 많이함
178,장점: 여기보다 좋은학교 많은게 현실 장점xx 그냥 멀리 지방가기 싫은 사람들 다니기 적당/ 교수님들 수업 좋음/ 학교 거지 같은 거에 비해서 근데 열심히 하는 애들은 자기 살길 알아서 잘 살아나가는듯 단점: 조교 직원들 일 안함/ 수도권이지만 교통쓰렠 /열심히 하는 애들도 있지만 의욕없고 이상한 애들도 많음
179,이 분야에 진짜 관심 있는 사람들은 추천 근데 아닌 사람들은 비추 어렵기도하고 취업도 힘들고
180,
181,
182,"졸업한 선배와의 교류? 학교에 대한 애교심? 전혀 없다 학교로 얻을 수 있는건 그렇게 많지 않다 학교 분위기도 공부할 분위기는 딱히 아님.. 캠퍼스 시설도 좋아보이게 포장해놨지만 내부를 보면 방치되어있고 고쳐지지 않는 문제점이 많다, 학교의 비리와 잘못된 점들이 참 많지만 그것이 직접적으로 느껴지는 피해가 아니기 때문에 결국 자신에게 불이익으로 돌아온단걸 모르므로 그 악습들을 해결하는데 있어 별 관심이 없다, 혹은 술마시고 논다고 그런거에 관심 가질 시간이 없거나.... 그게 잘못된 일들인지 인지하지 못하는 사고 수준이라던가.... 정말 이 사람이 지성인이 맞나? 대학생이 맞나? 싶은 생각이 많이 든다 맞춤법을 모르는 동기들도 좀 있음 정떨어짐 ㅎㅎ"
183,오지마세요 반수 편입 한 사람이 승자 저는 반수 작년에 못해서 다니고는 있지만 편입할겁니다 여기서 열심히 한다면 성공할 가능성도 있지만.... 그건 학교를 다니지 않거나 아무 지방대를 다녀도 마찬가지에요
184,
185,
186,미술대학 추천해요 실기위주로 가는 몇안되는 대학중 한곳입니다
187,순수미술계열로서 작가반 취업반 나뉘어져 다른교육을 받게됩니다!
188,이 학교 참 답없다. 열심히 해도 서로 컨닝하는 애들끼리 모여 앉아 조교도 교수도 단속안하고 학점따긴 글러 ㅎㅎ 답안지 바꿔서 푸는 거 까지봤으니 증말 답없다 ㅋㅋ신중하게 생각해
189,장점? 없음 ㄹㅇㄹ다가 개별로임 교수는 수업만하다가 나가고 별 도움안됌 빨리 재수 ㄲ
190,학교가 오질라게 넓어요 다리에 알통 생길듯 그리고 이거 화성시에 있는거고 교통편도 별로라 않좋긴한데 협성 용인 강남 장안 보단 나아요! 적어도 수도권에서 꽤 괜찮은 학교!
191,경영은 무난하긴한데 거의 좀 취업률도 그리 좋진않고 복수전공으로 딱많는 그정도? 하지만 선후배랑 관계 좋고 잘놀아서 인맥 많들기는 좋아요!
192,정말 지푸라기 잡는 심정으로 갈 곳 없을 때 왔으면 좋겠다. 안그러면 정말 자격지심 심해지기 좋구 나는 내 학과가 맘에 들긴 하지만 학교 수준에 대한 자격지심은 아직도 있기 때문에 크게 추천해 주고 싶지는 않아. 학생회나 총장에 대한 말도 많은 편이고.. 그래도 본인만의 뜻이 있어서 오는거면 추천해!
193,여자가 많아서 약간 기싸움이 없지않아 있긴해 그래도 두루두루 잘 지내는 느낌이고 선배들이 엄청 똥군기가 있거나 하지는 않아(그렇다고 아예 없는건 아님) 과 자체는 졸업하면서 자격증도 나오고 좋다고 생각해
194,
195,
196,장점 : 학교가 넓다 단점 : 학교가 드럽게 넓다
197,교수님 괜찮으신분 두세분정도 있는데 뜬금없는 외국인교수님도 있고.. 독학할거면 추천합니다
198,
199,
200,"졸업한 선배와의 교류? 학교에 대한 애교심? 전혀 없다 학교로 얻을 수 있는건 그렇게 많지 않다 학교 분위기도 공부할 분위기는 딱히 아님.. 캠퍼스 시설도 좋아보이게 포장해놨지만 내부를 보면 방치되어있고 고쳐지지 않는 문제점이 많다, 학교의 비리와 잘못된 점들이 참 많지만 그것이 직접적으로 느껴지는 피해가 아니기 때문에 결국 자신에게 불이익으로 돌아온단걸 모르므로 그 악습들을 해결하는데 있어 별 관심이 없다, 혹은 술마시고 논다고 그런거에 관심 가질 시간이 없거나.... 그게 잘못된 일들인지 인지하지 못하는 사고 수준이라던가.... 정말 이 사람이 지성인이 맞나? 대학생이 맞나? 싶은 생각이 많이 든다 맞춤법을 모르는 동기들도 좀 있음 정떨어짐 ㅎㅎ"
201,오지마세요 반수 편입 한 사람이 승자 저는 반수 작년에 못해서 다니고는 있지만 편입할겁니다 여기서 열심히 한다면 성공할 가능성도 있지만.... 그건 학교를 다니지 않거나 아무 지방대를 다녀도 마찬가지에요
202,
203,
204,성적 비슷한 학교끼리를 두고 고민한다면 비추천 진짜 두번 태어나도 이게 최선일 것 같으면 추천
205,법학과는 미래가 불투명 공무원하실생각있으시면 자퇴 추천
206,학교가 넓구 교수님들 좋으심~~ 교통이 좀 좋아졌으면 합니다. 총장도 바뀔 거 같아서 장학금 혜택도 늘어날 거 같아요.
207,토목직할거면 추천합니다. 정말 진로가 확실한 분만 오셨으면 좋겠어요. 입결 맞춰서 오는거면 비추 합니다.
208,학교가 오질라게 넓어요 다리에 알통 생길듯 그리고 이거 화성시에 있는거고 교통편도 별로라 않좋긴한데 협성 용인 강남 장안 보단 나아요! 적어도 수도권에서 꽤 괜찮은 학교!
209,경영은 무난하긴한데 거의 좀 취업률도 그리 좋진않고 복수전공으로 딱많는 그정도? 하지만 선후배랑 관계 좋고 잘놀아서 인맥 많들기는 좋아요!
210,정말 지푸라기 잡는 심정으로 갈 곳 없을 때 왔으면 좋겠다. 안그러면 정말 자격지심 심해지기 좋구 나는 내 학과가 맘에 들긴 하지만 학교 수준에 대한 자격지심은 아직도 있기 때문에 크게 추천해 주고 싶지는 않아. 학생회나 총장에 대한 말도 많은 편이고.. 그래도 본인만의 뜻이 있어서 오는거면 추천해!
211,여자가 많아서 약간 기싸움이 없지않아 있긴해 그래도 두루두루 잘 지내는 느낌이고 선배들이 엄청 똥군기가 있거나 하지는 않아(그렇다고 아예 없는건 아님) 과 자체는 졸업하면서 자격증도 나오고 좋다고 생각해
212,
213,
214,장점 : 학교가 넓다 단점 : 학교가 드럽게 넓다
215,교수님 괜찮으신분 두세분정도 있는데 뜬금없는 외국인교수님도 있고.. 독학할거면 추천합니다
216,
217,
218,"졸업한 선배와의 교류? 학교에 대한 애교심? 전혀 없다 학교로 얻을 수 있는건 그렇게 많지 않다 학교 분위기도 공부할 분위기는 딱히 아님.. 캠퍼스 시설도 좋아보이게 포장해놨지만 내부를 보면 방치되어있고 고쳐지지 않는 문제점이 많다, 학교의 비리와 잘못된 점들이 참 많지만 그것이 직접적으로 느껴지는 피해가 아니기 때문에 결국 자신에게 불이익으로 돌아온단걸 모르므로 그 악습들을 해결하는데 있어 별 관심이 없다, 혹은 술마시고 논다고 그런거에 관심 가질 시간이 없거나.... 그게 잘못된 일들인지 인지하지 못하는 사고 수준이라던가.... 정말 이 사람이 지성인이 맞나? 대학생이 맞나? 싶은 생각이 많이 든다 맞춤법을 모르는 동기들도 좀 있음 정떨어짐 ㅎㅎ"
219,오지마세요 반수 편입 한 사람이 승자 저는 반수 작년에 못해서 다니고는 있지만 편입할겁니다 여기서 열심히 한다면 성공할 가능성도 있지만.... 그건 학교를 다니지 않거나 아무 지방대를 다녀도 마찬가지에요
220,쓸데없이 큼. 공기청청함 주고 전공보다 교양을 듣는데 교양이 아쉬우면서 나름 괜찮음 하지만 대학이라는 곳 자체가 스스로 학문을 공부하면서 찾아가는 것이니 하기 나름이라는 생각이 든다
221,장점: 경기권 학교들에 비해 장비가 많음.커리큘럼도 괜찮다고 생각함 단점: 워크샵으로 영화찍는게 수업인데 돈을 안줌
222,성적 비슷한 학교끼리를 두고 고민한다면 비추천 진짜 두번 태어나도 이게 최선일 것 같으면 추천
223,법학과는 미래가 불투명 공무원하실생각있으시면 자퇴 추천
224,학교가 넓구 교수님들 좋으심~~ 교통이 좀 좋아졌으면 합니다. 총장도 바뀔 거 같아서 장학금 혜택도 늘어날 거 같아요.
225,토목직할거면 추천합니다. 정말 진로가 확실한 분만 오셨으면 좋겠어요. 입결 맞춰서 오는거면 비추 합니다.
226,캠퍼스가 넓고 경치도좋아서 사계절내내 안예쁜날이 없습니당 ㅎ 신식건물들도 많아서 환경도좋아요!! 수원대 꼭 오실수있길 바래요
227,수원대 패션디자인과! 전통이있는 과인만큼 정말 배울점이 많고 좋습니다
228,정말 지푸라기 잡는 심정으로 갈 곳 없을 때 왔으면 좋겠다. 안그러면 정말 자격지심 심해지기 좋구 나는 내 학과가 맘에 들긴 하지만 학교 수준에 대한 자격지심은 아직도 있기 때문에 크게 추천해 주고 싶지는 않아. 학생회나 총장에 대한 말도 많은 편이고.. 그래도 본인만의 뜻이 있어서 오는거면 추천해!
229,여자가 많아서 약간 기싸움이 없지않아 있긴해 그래도 두루두루 잘 지내는 느낌이고 선배들이 엄청 똥군기가 있거나 하지는 않아(그렇다고 아예 없는건 아님) 과 자체는 졸업하면서 자격증도 나오고 좋다고 생각해
230,
231,
232,장점 : 학교가 넓다 단점 : 학교가 드럽게 넓다
233,교수님 괜찮으신분 두세분정도 있는데 뜬금없는 외국인교수님도 있고.. 독학할거면 추천합니다
234,
235,
236,부지가 넓은데 교내셔틀버스가 한시간에 항번이다
237,입결도 높고 학교 수준보다 높게 평가된다
238,쓸데없이 큼. 공기청청함 주고 전공보다 교양을 듣는데 교양이 아쉬우면서 나름 괜찮음 하지만 대학이라는 곳 자체가 스스로 학문을 공부하면서 찾아가는 것이니 하기 나름이라는 생각이 든다
239,장점: 경기권 학교들에 비해 장비가 많음.커리큘럼도 괜찮다고 생각함 단점: 워크샵으로 영화찍는게 수업인데 돈을 안줌
240,
241,
242,학교가 넓구 교수님들 좋으심~~ 교통이 좀 좋아졌으면 합니다. 총장도 바뀔 거 같아서 장학금 혜택도 늘어날 거 같아요.
243,토목직할거면 추천합니다. 정말 진로가 확실한 분만 오셨으면 좋겠어요. 입결 맞춰서 오는거면 비추 합니다.
244,캠퍼스가 넓고 경치도좋아서 사계절내내 안예쁜날이 없습니당 ㅎ 신식건물들도 많아서 환경도좋아요!! 수원대 꼭 오실수있길 바래요
245,수원대 패션디자인과! 전통이있는 과인만큼 정말 배울점이 많고 좋습니다
246,학교 건물 짱짱예뻐요! 학식 먹는곳도여러곳이고 특히 교내 씨유가 있는데 우리 학생들을 위해 기본적인 할인이 들어가있어요!!
247,외국어학부라서 1학년때는 다양한 언어를 골고루배울수있고 2학년때부터는 한 언어에 대해 집중적으로 배울수있는데 저희학교가 특히 교환학생시스템이 잘 되있어서 외국어계열에겐 좋아요!
248,
249,
250,부지가 넓고 교통은 셔틀버스가 있어서 편리함 학교 교수님도 개인마다 다르지만 나쁘지않음 대신에 학교 총장이나 학생회에 비리가 있어서 부실대 간당간당함
251,이 과에서는 토목 환경공학 복수전공을 따기 쉽고 수업 내용도 나쁘지않고 기초부터 탄탄히 알려줌
252,
253,
254,부지가 넓은데 교내셔틀버스가 한시간에 항번이다
255,입결도 높고 학교 수준보다 높게 평가된다
256,쓸데없이 큼. 공기청청함 주고 전공보다 교양을 듣는데 교양이 아쉬우면서 나름 괜찮음 하지만 대학이라는 곳 자체가 스스로 학문을 공부하면서 찾아가는 것이니 하기 나름이라는 생각이 든다
257,장점: 경기권 학교들에 비해 장비가 많음.커리큘럼도 괜찮다고 생각함 단점: 워크샵으로 영화찍는게 수업인데 돈을 안줌
258,이 학교의 등급을 훅 낮춰버린 이인수 총장 XXX 얼마나 쳐 먹었냐
259,여기 배우는거 꽤나 재밌음 김대엽 교수님이 편합니다
260,학교 캠퍼스가 엄청크다 학교다닐맛남 교통편이 안좋음 학교에서 장학금을 많이줌 방학중엔vr교육도 하고 학교자체에서 점점 체계적으로 바뀌어 가는즁인것 같음 미래가 밝다고 생각...
261,선배들이 잘 설명해주시고 되게 착함 진로프로그램도 잘 되어 있는 것 같고 교수 면담을 통해서 갈 길을 찾는 친구들을 많이 보았음 일단 1학년에 동기들이 정말 많아서 어떻게보면 학점 따기는 쉬울 수도 있지만 애들도 공부열심히함.. 수업 커리가 좋은 듯 1학년에 학부단위로 뽑아서 2학년부터 산공이너 기공으로 갈 수 있는데 1년동안 잘 생각해보고 결정가능함
262,캠퍼스가 넓고 경치도좋아서 사계절내내 안예쁜날이 없습니당 ㅎ 신식건물들도 많아서 환경도좋아요!! 수원대 꼭 오실수있길 바래요
263,수원대 패션디자인과! 전통이있는 과인만큼 정말 배울점이 많고 좋습니다
264,학교 건물 짱짱예뻐요! 학식 먹는곳도여러곳이고 특히 교내 씨유가 있는데 우리 학생들을 위해 기본적인 할인이 들어가있어요!!
265,외국어학부라서 1학년때는 다양한 언어를 골고루배울수있고 2학년때부터는 한 언어에 대해 집중적으로 배울수있는데 저희학교가 특히 교환학생시스템이 잘 되있어서 외국어계열에겐 좋아요!
266,
267,
268,부지가 넓고 교통은 셔틀버스가 있어서 편리함 학교 교수님도 개인마다 다르지만 나쁘지않음 대신에 학교 총장이나 학생회에 비리가 있어서 부실대 간당간당함
269,이 과에서는 토목 환경공학 복수전공을 따기 쉽고 수업 내용도 나쁘지않고 기초부터 탄탄히 알려줌
270,
271,
272,
273,
274,부실대학으로 2년 선정된후 지금은 해제되었고그 과정에서 새로운 건물을 신축해서 일부 공대를 제외하면 시설은 좋은것같다. 지하철역도 생긴다고 하니 교통은 더편리해질것같다. 취업은 물론 자기하기나름이지만 아웃풋이 좋진않다. 물론 전화기는 자기가 얼마든지 노력하면 공기업도 갈수있다.
275,선배와 교류는 적은편이다. 교수님들은 다들 좋으시다. 수업뿐아니라 많은 관심을 가처주신다. 석박사를 따지않으면 취업하기는 어렵다.
276,이 학교의 등급을 훅 낮춰버린 이인수 총장 XXX 얼마나 쳐 먹었냐
277,여기 배우는거 꽤나 재밌음 김대엽 교수님이 편합니다
278,학교 캠퍼스가 엄청크다 학교다닐맛남 교통편이 안좋음 학교에서 장학금을 많이줌 방학중엔vr교육도 하고 학교자체에서 점점 체계적으로 바뀌어 가는즁인것 같음 미래가 밝다고 생각...
279,선배들이 잘 설명해주시고 되게 착함 진로프로그램도 잘 되어 있는 것 같고 교수 면담을 통해서 갈 길을 찾는 친구들을 많이 보았음 일단 1학년에 동기들이 정말 많아서 어떻게보면 학점 따기는 쉬울 수도 있지만 애들도 공부열심히함.. 수업 커리가 좋은 듯 1학년에 학부단위로 뽑아서 2학년부터 산공이너 기공으로 갈 수 있는데 1년동안 잘 생각해보고 결정가능함
280,"학교 주변 먹을거리나 자취시설은 나름 잘 돼있다고 봅니다. 그리고 학교 내에 더 나은 학교를 만드려는 학생들의 움직임은 보이나 교수진,운영진의 태도는 여전합니다..하지만 본인이 와서 열심히하고 정진한다면 충분히 잘 할 수 있다고봅니다"
281,기계공학에대한 전반적인 교육과 전공 교수님들의 열정은 좋은 편이라고 생각합니다
282,학교가 매우크코 봄에 벚꽃과 분수가 멋진 학교입니다 이번 부실대도 벗어나면서 이전학교명성을 되찾아가고 있고있습니다. 최근 신설된 미래혁신관과 글로벌 경상관은 수원대의 랜드마크라고 해도 될 정도로 시설이 매우 좋습니다. 수도권에서 이정도 지명도와 아웃풋 정도면 메리트 있는 학교라 생각합니다. (브랜드평판순위도 타 서울권 학교보다 상위권에 랭크 됐습니다) 경상학부에서는 최근 대기업 취업도 늘어나는만큼 수원대를 추천합니다ㅎ
283,학과에서 무역 유통 관련 취업을 잘되는편이고 취업관련 교수님이 수업외에도 매우 적극적입니다. 또한 타학과에 비해 공부와 취업에 매우 열정적인 학과이고 복수전공및 전과시 학점기준이 매우 높은 이유이기도 합니다.
284,
285,
286,부지가 넓고 교통은 셔틀버스가 있어서 편리함 학교 교수님도 개인마다 다르지만 나쁘지않음 대신에 학교 총장이나 학생회에 비리가 있어서 부실대 간당간당함
287,이 과에서는 토목 환경공학 복수전공을 따기 쉽고 수업 내용도 나쁘지않고 기초부터 탄탄히 알려줌
288,
289,
290,
291,
292,부실대학으로 2년 선정된후 지금은 해제되었고그 과정에서 새로운 건물을 신축해서 일부 공대를 제외하면 시설은 좋은것같다. 지하철역도 생긴다고 하니 교통은 더편리해질것같다. 취업은 물론 자기하기나름이지만 아웃풋이 좋진않다. 물론 전화기는 자기가 얼마든지 노력하면 공기업도 갈수있다.
293,선배와 교류는 적은편이다. 교수님들은 다들 좋으시다. 수업뿐아니라 많은 관심을 가처주신다. 석박사를 따지않으면 취업하기는 어렵다.
294,총장 비리가 장난아니다. 총학생회도 하는게 도대체 뭔지 모르겠다. 맨날 간식사업만 해대는거 밖에 모르겠다. 그래도 볼만한건 높은 언덕인데 거기에 법정대 건물이 있다. 수업 거기서 들으면 끝장남...다른 강의동이랑 연강하기 힘든 학교 구조. 건물 마다 너무 많이 띄어져있다
295,신방과에서 언론정보에서 이제 미디어커뮤니케이션 학과인데 점점 경쟁력이 별로인것 처럼 보이게 하는 학과이름이 마음에 안들지만 나름 수원대에선 높은 과 이다.(취업은 보장 못함) 교수님 중에 정치색이 짙은 분들이 많다.
296,
297,
298,"학교 주변 먹을거리나 자취시설은 나름 잘 돼있다고 봅니다. 그리고 학교 내에 더 나은 학교를 만드려는 학생들의 움직임은 보이나 교수진,운영진의 태도는 여전합니다..하지만 본인이 와서 열심히하고 정진한다면 충분히 잘 할 수 있다고봅니다"
299,기계공학에대한 전반적인 교육과 전공 교수님들의 열정은 좋은 편이라고 생각합니다
300,학교가 매우크코 봄에 벚꽃과 분수가 멋진 학교입니다 이번 부실대도 벗어나면서 이전학교명성을 되찾아가고 있고있습니다. 최근 신설된 미래혁신관과 글로벌 경상관은 수원대의 랜드마크라고 해도 될 정도로 시설이 매우 좋습니다. 수도권에서 이정도 지명도와 아웃풋 정도면 메리트 있는 학교라 생각합니다. (브랜드평판순위도 타 서울권 학교보다 상위권에 랭크 됐습니다) 경상학부에서는 최근 대기업 취업도 늘어나는만큼 수원대를 추천합니다ㅎ
301,학과에서 무역 유통 관련 취업을 잘되는편이고 취업관련 교수님이 수업외에도 매우 적극적입니다. 또한 타학과에 비해 공부와 취업에 매우 열정적인 학과이고 복수전공및 전과시 학점기준이 매우 높은 이유이기도 합니다.
302,
303,
304,학교 지금 개판이에요.대학구조평가에서 2년연석 D등급받았습니다. 오지마세요
305,과의 비젼이 좋습니다. 경쟁률이 높지만 졸업하면 굶어죽지는 않아요
306,
307,
308,오지마 망학교야 뭘더작성하래 노답학교인데 총장사퇴하기전까지는 망학교다 이상
309,오지마 들쑥날쑥해 공학과엿다가 학과엿다가 도시랑 합햇다가 지들멋대로임 지원은 ㅈ도안해줌
310,부실대학으로 2년 선정된후 지금은 해제되었고그 과정에서 새로운 건물을 신축해서 일부 공대를 제외하면 시설은 좋은것같다. 지하철역도 생긴다고 하니 교통은 더편리해질것같다. 취업은 물론 자기하기나름이지만 아웃풋이 좋진않다. 물론 전화기는 자기가 얼마든지 노력하면 공기업도 갈수있다.
311,선배와 교류는 적은편이다. 교수님들은 다들 좋으시다. 수업뿐아니라 많은 관심을 가처주신다. 석박사를 따지않으면 취업하기는 어렵다.
312,총장 비리가 장난아니다. 총학생회도 하는게 도대체 뭔지 모르겠다. 맨날 간식사업만 해대는거 밖에 모르겠다. 그래도 볼만한건 높은 언덕인데 거기에 법정대 건물이 있다. 수업 거기서 들으면 끝장남...다른 강의동이랑 연강하기 힘든 학교 구조. 건물 마다 너무 많이 띄어져있다
313,신방과에서 언론정보에서 이제 미디어커뮤니케이션 학과인데 점점 경쟁력이 별로인것 처럼 보이게 하는 학과이름이 마음에 안들지만 나름 수원대에선 높은 과 이다.(취업은 보장 못함) 교수님 중에 정치색이 짙은 분들이 많다.
314,"학교는 무척 넓고 단과대들이 다닥다닥 붙어있지 않아 탁트여있어요. 나무가 많다보니 청설모, 다람쥐랑도 만나볼수 있습니다ㅋㅋㅋ 다만 학교가 좀 많이 멀어서 입구에서 먼 곳은 좀 힘들 수 있지만 교내 셔틀버스도 운행하고 있습니다."
315,저희 학과는 워낙 예술쪽 부류다보니 오시는 분들이 정해져 있어 추천은 어렵구요 원하시는 학과에 합격하시어 즐거운 학교 생활을 하시길 바랍니다.
316,
317,
318,학교가 매우크코 봄에 벚꽃과 분수가 멋진 학교입니다 이번 부실대도 벗어나면서 이전학교명성을 되찾아가고 있고있습니다. 최근 신설된 미래혁신관과 글로벌 경상관은 수원대의 랜드마크라고 해도 될 정도로 시설이 매우 좋습니다. 수도권에서 이정도 지명도와 아웃풋 정도면 메리트 있는 학교라 생각합니다. (브랜드평판순위도 타 서울권 학교보다 상위권에 랭크 됐습니다) 경상학부에서는 최근 대기업 취업도 늘어나는만큼 수원대를 추천합니다ㅎ
319,학과에서 무역 유통 관련 취업을 잘되는편이고 취업관련 교수님이 수업외에도 매우 적극적입니다. 또한 타학과에 비해 공부와 취업에 매우 열정적인 학과이고 복수전공및 전과시 학점기준이 매우 높은 이유이기도 합니다.
320,
321,
322,학교 지금 개판이에요.대학구조평가에서 2년연석 D등급받았습니다. 오지마세요
323,과의 비젼이 좋습니다. 경쟁률이 높지만 졸업하면 굶어죽지는 않아요
324,
325,
326,오지마 망학교야 뭘더작성하래 노답학교인데 총장사퇴하기전까지는 망학교다 이상
327,오지마 들쑥날쑥해 공학과엿다가 학과엿다가 도시랑 합햇다가 지들멋대로임 지원은 ㅈ도안해줌
328,학교가 깊은 산속에 있습니다 수원역에서도 병점역에서도 버스타고 20~30분 걸림 걸어서가 아니라 버스를타고! 그리고 학교에 언덕 엄청나요 주변에 딱히 뭐가 있지는 않음 나름의 장점은 한적하다 자연친화적 능력되면 더 좋은학교가세여 부실탈출했는데 아직도 다들 부실인줄안다
329,씨언어 어려워요 비전있는 학과인거같음 학과는 잘못없구요 그냥 내가 잘못인거 같아요 뭔가 짜여진 시간표가 겅강만들기 힘든것이 단점 다른과는 어떤지 잘 모르겠지만 아무튼 공강만들기 힘들어요
330,총장 비리가 장난아니다. 총학생회도 하는게 도대체 뭔지 모르겠다. 맨날 간식사업만 해대는거 밖에 모르겠다. 그래도 볼만한건 높은 언덕인데 거기에 법정대 건물이 있다. 수업 거기서 들으면 끝장남...다른 강의동이랑 연강하기 힘든 학교 구조. 건물 마다 너무 많이 띄어져있다
331,신방과에서 언론정보에서 이제 미디어커뮤니케이션 학과인데 점점 경쟁력이 별로인것 처럼 보이게 하는 학과이름이 마음에 안들지만 나름 수원대에선 높은 과 이다.(취업은 보장 못함) 교수님 중에 정치색이 짙은 분들이 많다.
332,"학교는 무척 넓고 단과대들이 다닥다닥 붙어있지 않아 탁트여있어요. 나무가 많다보니 청설모, 다람쥐랑도 만나볼수 있습니다ㅋㅋㅋ 다만 학교가 좀 많이 멀어서 입구에서 먼 곳은 좀 힘들 수 있지만 교내 셔틀버스도 운행하고 있습니다."
333,저희 학과는 워낙 예술쪽 부류다보니 오시는 분들이 정해져 있어 추천은 어렵구요 원하시는 학과에 합격하시어 즐거운 학교 생활을 하시길 바랍니다.
334,캠퍼스가 넓어서 좋아요. 그런데 학사비리랑 관련한 문제들 때문에 힘들수도 있어요.
335,수원대 영어영문학과는 명성이 있는 편이에요. 그런데 아직 1세대 교수님들만 계신 것 같고 세대교체가 좀 덜 된 느낌이에요.
336,
337,
338,건물 노답...교수님들은 괜찮아요 학교는 여러가지 이슈들로 문제가 많죠 기왕가는거 조금 더 나은 학교로 가시면 좋겠어요 오지마세요
339,과 자체는 배우는것도 많고 좋아요 졸업하고 자격증 딸 때 유용해요 스펙트럼이 넓거든요 참고로 성비는 그냥 5:5정도에요
340,요즘 건물을 많이 짓고있어서 ㅎㅎ 깨끗하고 편의시설도 좋습니다^^ 자격증이나 토익 등 학교에서 지원해주고 있고요'
341,군기 같은것도 없고 교수님도 괜찮으신 분들 계세요
342,
343,
344,오지마 망학교야 뭘더작성하래 노답학교인데 총장사퇴하기전까지는 망학교다 이상
345,오지마 들쑥날쑥해 공학과엿다가 학과엿다가 도시랑 합햇다가 지들멋대로임 지원은 ㅈ도안해줌
346,학교가 깊은 산속에 있습니다 수원역에서도 병점역에서도 버스타고 20~30분 걸림 걸어서가 아니라 버스를타고! 그리고 학교에 언덕 엄청나요 주변에 딱히 뭐가 있지는 않음 나름의 장점은 한적하다 자연친화적 능력되면 더 좋은학교가세여 부실탈출했는데 아직도 다들 부실인줄안다
347,씨언어 어려워요 비전있는 학과인거같음 학과는 잘못없구요 그냥 내가 잘못인거 같아요 뭔가 짜여진 시간표가 겅강만들기 힘든것이 단점 다른과는 어떤지 잘 모르겠지만 아무튼 공강만들기 힘들어요
348,캠퍼스가넓다. 우리과는 교환확생이 활성화되어있다.
349,취업률이 인문대에서 가장 높다. 하지만 일본어를 잘하는 사람이 너무 많다.
350,
351,
352,캠퍼스가 넓어서 좋아요. 그런데 학사비리랑 관련한 문제들 때문에 힘들수도 있어요.
353,수원대 영어영문학과는 명성이 있는 편이에요. 그런데 아직 1세대 교수님들만 계신 것 같고 세대교체가 좀 덜 된 느낌이에요.
354,
355,
356,건물 노답...교수님들은 괜찮아요 학교는 여러가지 이슈들로 문제가 많죠 기왕가는거 조금 더 나은 학교로 가시면 좋겠어요 오지마세요
357,과 자체는 배우는것도 많고 좋아요 졸업하고 자격증 딸 때 유용해요 스펙트럼이 넓거든요 참고로 성비는 그냥 5:5정도에요
358,요즘 건물을 많이 짓고있어서 ㅎㅎ 깨끗하고 편의시설도 좋습니다^^ 자격증이나 토익 등 학교에서 지원해주고 있고요'
359,군기 같은것도 없고 교수님도 괜찮으신 분들 계세요
360,
361,
362,우리학교는 정말 인풋대비 아웃풋이 좋은편인거같다
363,교수님들이 적극 학생관리를 해주십니다
364,학교가 깊은 산속에 있습니다 수원역에서도 병점역에서도 버스타고 20~30분 걸림 걸어서가 아니라 버스를타고! 그리고 학교에 언덕 엄청나요 주변에 딱히 뭐가 있지는 않음 나름의 장점은 한적하다 자연친화적 능력되면 더 좋은학교가세여 부실탈출했는데 아직도 다들 부실인줄안다
365,씨언어 어려워요 비전있는 학과인거같음 학과는 잘못없구요 그냥 내가 잘못인거 같아요 뭔가 짜여진 시간표가 겅강만들기 힘든것이 단점 다른과는 어떤지 잘 모르겠지만 아무튼 공강만들기 힘들어요
366,캠퍼스가넓다. 우리과는 교환확생이 활성화되어있다.
367,취업률이 인문대에서 가장 높다. 하지만 일본어를 잘하는 사람이 너무 많다.
368,취업에 대한 다양한 정보를 얻을 수 있습니다
369,학업적으로 선후배끼리 교류가 많고 도움을 많이 줍니다
370,캠퍼스가 넓어서 좋아요. 그런데 학사비리랑 관련한 문제들 때문에 힘들수도 있어요.
371,수원대 영어영문학과는 명성이 있는 편이에요. 그런데 아직 1세대 교수님들만 계신 것 같고 세대교체가 좀 덜 된 느낌이에요.
372,
373,
374,건물 노답...교수님들은 괜찮아요 학교는 여러가지 이슈들로 문제가 많죠 기왕가는거 조금 더 나은 학교로 가시면 좋겠어요 오지마세요
375,과 자체는 배우는것도 많고 좋아요 졸업하고 자격증 딸 때 유용해요 스펙트럼이 넓거든요 참고로 성비는 그냥 5:5정도에요
376,요즘 건물을 많이 짓고있어서 ㅎㅎ 깨끗하고 편의시설도 좋습니다^^ 자격증이나 토익 등 학교에서 지원해주고 있고요'
377,군기 같은것도 없고 교수님도 괜찮으신 분들 계세요
378,
379,
380,우리학교는 정말 인풋대비 아웃풋이 좋은편인거같다
381,교수님들이 적극 학생관리를 해주십니다
382,
383,
384,캠퍼스가넓다. 우리과는 교환확생이 활성화되어있다.
385,취업률이 인문대에서 가장 높다. 하지만 일본어를 잘하는 사람이 너무 많다.
386,취업에 대한 다양한 정보를 얻을 수 있습니다
387,학업적으로 선후배끼리 교류가 많고 도움을 많이 줍니다
388,
389,
390,
391,
392,건물 노답...교수님들은 괜찮아요 학교는 여러가지 이슈들로 문제가 많죠 기왕가는거 조금 더 나은 학교로 가시면 좋겠어요 오지마세요
393,과 자체는 배우는것도 많고 좋아요 졸업하고 자격증 딸 때 유용해요 스펙트럼이 넓거든요 참고로 성비는 그냥 5:5정도에요
394,요즘 건물을 많이 짓고있어서 ㅎㅎ 깨끗하고 편의시설도 좋습니다^^ 자격증이나 토익 등 학교에서 지원해주고 있고요'
395,군기 같은것도 없고 교수님도 괜찮으신 분들 계세요
396,
397,
398,우리학교는 정말 인풋대비 아웃풋이 좋은편인거같다
399,교수님들이 적극 학생관리를 해주십니다
400,
401,
402,캠퍼스가넓다. 우리과는 교환확생이 활성화되어있다.
403,취업률이 인문대에서 가장 높다. 하지만 일본어를 잘하는 사람이 너무 많다.
404,취업에 대한 다양한 정보를 얻을 수 있습니다
405,학업적으로 선후배끼리 교류가 많고 도움을 많이 줍니다
406,
407,
408,
409,
410,건물 노답...교수님들은 괜찮아요 학교는 여러가지 이슈들로 문제가 많죠 기왕가는거 조금 더 나은 학교로 가시면 좋겠어요 오지마세요
411,과 자체는 배우는것도 많고 좋아요 졸업하고 자격증 딸 때 유용해요 스펙트럼이 넓거든요 참고로 성비는 그냥 5:5정도에요
412,요즘 건물을 많이 짓고있어서 ㅎㅎ 깨끗하고 편의시설도 좋습니다^^ 자격증이나 토익 등 학교에서 지원해주고 있고요'
413,군기 같은것도 없고 교수님도 괜찮으신 분들 계세요
414,
415,
416,우리학교는 정말 인풋대비 아웃풋이 좋은편인거같다
417,교수님들이 적극 학생관리를 해주십니다
418,
419,
420,캠퍼스가넓다. 우리과는 교환확생이 활성화되어있다.
421,취업률이 인문대에서 가장 높다. 하지만 일본어를 잘하는 사람이 너무 많다.
422,취업에 대한 다양한 정보를 얻을 수 있습니다
423,학업적으로 선후배끼리 교류가 많고 도움을 많이 줍니다
424,
425,
426,
427,
428,건물 노답...교수님들은 괜찮아요 학교는 여러가지 이슈들로 문제가 많죠 기왕가는거 조금 더 나은 학교로 가시면 좋겠어요 오지마세요
429,과 자체는 배우는것도 많고 좋아요 졸업하고 자격증 딸 때 유용해요 스펙트럼이 넓거든요 참고로 성비는 그냥 5:5정도에요
430,요즘 건물을 많이 짓고있어서 ㅎㅎ 깨끗하고 편의시설도 좋습니다^^ 자격증이나 토익 등 학교에서 지원해주고 있고요'
431,군기 같은것도 없고 교수님도 괜찮으신 분들 계세요
432,
433,
434,우리학교는 정말 인풋대비 아웃풋이 좋은편인거같다
435,교수님들이 적극 학생관리를 해주십니다
436,
437,
438,캠퍼스가넓다. 우리과는 교환확생이 활성화되어있다.
439,취업률이 인문대에서 가장 높다. 하지만 일본어를 잘하는 사람이 너무 많다.
440,취업에 대한 다양한 정보를 얻을 수 있습니다
441,학업적으로 선후배끼리 교류가 많고 도움을 많이 줍니다
442,
443,
444,
445,
446,건물 노답...교수님들은 괜찮아요 학교는 여러가지 이슈들로 문제가 많죠 기왕가는거 조금 더 나은 학교로 가시면 좋겠어요 오지마세요
447,과 자체는 배우는것도 많고 좋아요 졸업하고 자격증 딸 때 유용해요 스펙트럼이 넓거든요 참고로 성비는 그냥 5:5정도에요
448,요즘 건물을 많이 짓고있어서 ㅎㅎ 깨끗하고 편의시설도 좋습니다^^ 자격증이나 토익 등 학교에서 지원해주고 있고요'
449,군기 같은것도 없고 교수님도 괜찮으신 분들 계세요
450,
451,
452,우리학교는 정말 인풋대비 아웃풋이 좋은편인거같다
453,교수님들이 적극 학생관리를 해주십니다
454,
455,
456,캠퍼스가넓다. 우리과는 교환확생이 활성화되어있다.
457,취업률이 인문대에서 가장 높다. 하지만 일본어를 잘하는 사람이 너무 많다.
458,취업에 대한 다양한 정보를 얻을 수 있습니다
459,학업적으로 선후배끼리 교류가 많고 도움을 많이 줍니다
460,
461,
462,
463,
464,건물 노답...교수님들은 괜찮아요 학교는 여러가지 이슈들로 문제가 많죠 기왕가는거 조금 더 나은 학교로 가시면 좋겠어요 오지마세요
465,과 자체는 배우는것도 많고 좋아요 졸업하고 자격증 딸 때 유용해요 스펙트럼이 넓거든요 참고로 성비는 그냥 5:5정도에요
466,요즘 건물을 많이 짓고있어서 ㅎㅎ 깨끗하고 편의시설도 좋습니다^^ 자격증이나 토익 등 학교에서 지원해주고 있고요'
467,군기 같은것도 없고 교수님도 괜찮으신 분들 계세요
468,
469,
470,우리학교는 정말 인풋대비 아웃풋이 좋은편인거같다
471,교수님들이 적극 학생관리를 해주십니다
472,
473,
